"episode_overall","season","episode","title","aired_date","year","rating","votes","synopsis","runtime","tmdb_id"
1,1,1,"Human Flesh","2011-01-09",2011,6.929,28,"A health inspector's visit coincides with Bob's efforts to bring in customers.",22,769774
2,1,2,"Crawl Space","2011-01-16",2011,7.476,21,"A leaky roof causes Bob to get trapped in a wall while Linda's mother visits.",22,769775
3,1,3,"Sacred Cow","2011-01-23",2011,7.4,18,"Bob takes to a film maker's cow.",22,769778
4,1,4,"Sexy Dance Fighting","2011-02-13",2011,7.1,19,"Tina develops a crush on her martial arts instructor.",22,769776
5,1,5,"Hamburger Dinner Theater","2011-02-20",2011,7.3,19,"Linda and the kids stage a murder mystery that doesn't go as planned.",22,769777
6,1,6,"Sheesh! Cab, Bob?","2011-03-06",2011,7,20,"Tina is desperate to get her first kiss at her 13th birthday party. But after Louise breaks the deep fryer, Bob takes a second job as a late-night cab driver to pay for Tina’s party. Things keep getting worse for Bob when the parents of Tina’s crush refuse to let their son attend the party, and Bob has to do everything in his power to save his daughter’s big day.",22,769779
7,1,7,"Bed & Breakfast","2011-03-13",2011,7.4,18,"Linda hosts a bed and breakfast, but her guests aren't as grateful as she would like.  Things take a turn for the worse when Louise's room is rented to Teddy.",22,769780
8,1,8,"Art Crawl","2011-03-20",2011,7.9,17,"It's Bob vs. the city art council when Linda's sister displays her work at Bob's Burgers.",22,769781
9,1,9,"Spaghetti Western and Meatballs","2011-03-27",2011,7.5,16,"Bob and Gene bond over spaghetti western movies, which makes Louise jealous.",22,769782
10,1,10,"Burger Wars","2011-04-10",2011,7.6,14,"When Bob's eccentric landlord, Mr. Fischoeder, pays the family a visit, he informs Bob that his rival across the street, Jimmy Pesto of Jimmy Pesto's Pizzeria, wants to take over Bob's lease so that he can expand his gift shop. With little time and not enough money, the Belcher family must cook up some business or luck to save the restaurant.",22,769783
11,1,11,"Weekend at Mort's","2011-05-08",2011,7.8,15,"Bob and his family are forced to spend the weekend at Mort the Mortician's while the restaurant is being de-molded. Linda and Bob double date with Mort and a female mortician he meets online while Tina babysits Gene and Louise in Mort’s crematorium.",22,769784
12,1,12,"Lobsterfest","2011-05-15",2011,7.6,16,"After the town's annual Lobsterfest is cancelled by a storm, Bob defiantly opens his doors for a festive celebration. When he wakes the next morning, Bob finds the restaurant in disarray and that the town has spurned him, but Bob won't let that deter him from further involvement in the celebratory weekend.",22,769785
13,1,13,"Torpedo","2011-05-22",2011,7.7,15,"Bob's hero, a washed-up baseball player named Torpedo Jones, starts pitching for the local minor league team. Torpedo befriends Bob, but the dark underbelly of minor league baseball threatens to corrupt the Belchers.",22,769786
14,2,1,"The Belchies","2012-03-11",2012,7.9,16,"The kids hunt for treasure in an abandoned taffy factory and Bob and Linda must find them before the factory’s scheduled demolition",22,769789
15,2,2,"Bob Day Afternoon","2012-03-18",2012,8.6,15,"A bank robber holds up a bank across the street from Bob’s Burgers. When the robbery goes awry, Bob finds himself at the center of a hostage crisis.",22,769790
16,2,3,"Synchronized Swimming","2012-03-25",2012,7.4,15,"The kids con their way out of gym class with a bogus synchronized swimming independent study. Meanwhile, Bob welcomes a new soft serve ice cream machine to the restaurant.",22,769791
17,2,4,"Burgerboss","2012-04-01",2012,7.8,15,"Bob becomes obsessed with an old-school burger-flipping video game after Jimmy Pesto gets the high score and writes ""BOB SUX"" on the leader board.",22,769787
18,2,5,"Food Truckin'","2012-04-15",2012,7.7,15,"The Belchers beg Bob to buy a food truck to compete against the ones that are stealing his customers. When the ""Lolla-Pa-Foods-A-Festival"" comes up, the Belchers bring the truck and the kids decide to cause mischief. Unfortunately, this causes a riot to rise from the other food truckers.",22,769788
19,2,6,"Dr. Yap","2012-04-29",2012,7.2,14,"While Bob is medicated, he mistakes Linda's sister, Gayle, for his wife and kisses her. After she falls for him, Bob seeks help from Dr. Yap.",22,769792
20,2,7,"Moody Foodie","2012-05-06",2012,7.3,14,"The restaurant receives a negative review from a vicious food critic.",22,769795
21,2,8,"Bad Tina","2012-05-13",2012,7.8,17,"Tina befriends a bad girl in a bid to get closer to Jimmy Junior.",22,769794
22,2,9,"Beefsquatch","2012-05-20",2012,7.7,15,"Bob appears in a cooking segment on a local news morning program, but Gene steals the show when he crashes the set with a sasquatch mask.",22,769793
23,3,1,"Ear-sy Rider","2012-09-30",2012,7.7,16,"A biker gang sets up shop in the restaurant, where they lament the loss of their beloved leader.",22,769797
24,3,2,"Full Bars","2012-10-07",2012,8.1,18,"The Belcher kids break with a long standing Halloween tradition, veering away from their usual trick or treat trek in favor of a posh neighborhood that's known for its oversize goodies.",22,769798
25,3,3,"Bob Fires the Kids","2012-11-04",2012,7.7,14,"Worried that his kids are not enjoying summer vacation because he's making them work in the restaurant, Bob fires them. But they soon become bored and take jobs as ""weed pickers"" for a pair of hippie farmers.",22,769799
26,3,4,"Mutiny on the Windbreaker","2012-11-11",2012,6.9,14,"Bob does a tour of duty as a private chef on a docked cruise ship and brings along the family to witness his true culinary skills, but the special occasion is scuttled when the kooky captain shanghais the whole family.",22,769801
27,3,5,"An Indecent Thanksgiving Proposal","2012-11-18",2012,7.7,15,"Bob's plans for his favorite holiday, Thanksgiving, change when Mr. Fischoeder hires him as a chef, and Linda and the kids to play his family, as he tries to stage a perfect holiday dinner in order to make a former flame jealous.",22,769800
28,3,6,"The Deepening","2012-11-25",2012,7.6,14,"Mr. Fischoeder's new pier attraction, a mechanical shark, goes haywire and terrorizes the town, and it falls to Bob and the family to catch it.",22,769802
29,3,7,"Tina-rannosaurus Wrecks","2012-12-02",2012,8,13,"After Tina accidentally wrecks the car, and gets the whole family involved with a slimy insurance agent, she worries that she's a ""jinx"".",22,769803
30,3,8,"The Unbearable Like-Likeness of Gene","2012-12-09",2012,7.5,13,"Gene gets his first girlfriend, but it doesn't take long for the family to realize that she is incredibly annoying and they pressure him to break up with her.",22,769804
31,3,9,"Bob Rest Ye Merry Gentle-Mannequins","2012-12-16",2012,7.6,13,"When Bob inherits a storage unit around Christmas, visions of riches dance in the heads of the family, but what they find inside is a squatter who claims he once worked as a mannequin.",22,769805
32,3,10,"Mother Daughter Laser Razor","2013-01-06",2013,8.2,14,"Linda worries that her relationship with Louise isn't as good as it should be, so, much to Louise's chagrin, she forces the young lady to participate in a mother-daughter seminar. With mom away, Tina turns to Bob for a lesson in shaving her legs.",22,769806
33,3,11,"Nude Beach","2013-01-13",2013,6.7,15,"The new health inspector proves to be a decent fellow, until he blackmails Bob into being allowed to perform his atrocious music at the restaurant, which drives away the customers.",22,769807
34,3,12,"Broadcast Wagstaff School News","2013-01-27",2013,8.2,13,"There is a ""Mad Pooper"" running wild at the Belcher children's middle school and Tina finds herself on a mission to get to the ""bottom"" of the situation.",22,769808
35,3,13,"My Fuzzy Valentine","2013-02-10",2013,7.3,12,"When a heart-shaped pancake simply doesn't cut it, the kids convince Bob to let them skip school in order to help him find a Valentine's Day gift that will ""wow"" Linda. Meanwhile, in the spirit of the romantic holiday, Linda sets up a speed-dating event at the restaurant that doesn't go exactly as planned.",22,769810
36,3,14,"Lindapendent Woman","2013-02-17",2013,7.9,13,"Linda thinks Bob doesn't appreciate her and quits the restaurant to work at a grocery store. In her absence, Bob tries - and fails - to run the place on his own and the kids are stuck in the middle of the marital mayhem. Meanwhile, things get romantic for Tina when she meets her potential soul mate while restocking the milk fridge.",22,769809
37,3,15,"O.T.: The Outside Toilet","2013-03-03",2013,8.1,15,"When Gene finds an expensive talking toilet out in the woods, he and his friends decide to protect it as much as they can while an evil toilet hunter is looking for the toilet.",22,769811
38,3,16,"Topsy","2013-03-10",2013,8.1,14,"Louise expects to get a charge out of taking down her Thomas Edison-obsessed science teacher when she re-creates one of the famous inventor's experiments that involved electrocuting an elephant. ",22,769812
39,3,17,"Two for Tina","2013-03-17",2013,7.8,12,"Jimmy Jr. is threatened when Tina starts dating a ballet dancer named Josh and the two boys get into an epic dance-off for her heart",22,769814
40,3,18,"It Snakes a Village","2013-03-24",2013,7.6,13,"The Belcher family road-trips down to Florida to visit Linda's parents who live in a senior home that - to Linda's complete horror - is full of senior swingers! Plus, to keep themselves entertained, Tina, Gene and Louise go on a hunt for a mysterious python that allegedly ate one of the residents' dogs.",22,769813
41,3,19,"Family Fracas","2013-04-14",2013,7.3,13,"After the family car breaks down and ruins their plans for a movie night out, the Belchers find themselves competing on the TV game show ""Family Fracas!"" To the dismay of the program's host, they keep winning and coming back each night...that is until their lucky streak comes to a suspicious end.",22,769819
42,3,20,"The Kids Run the Restaurant","2013-04-21",2013,7.9,14,"After Bob cuts his finger and faints at the sight of his own blood, Linda brings him to the hospital and leaves the kids home alone. Not ones to waste a golden opportunity, Tina, Gene and Louise transform the basement of the restaurant into a makeshift casino. But they get more than they gamble for when landlord Mr. Fischoeder stops by and catches them in action.",22,769818
43,3,21,"Boyz 4 Now","2013-04-28",2013,8.3,15,"While accompanying Tina to a ""Boyz 4 Now"" concert, Louise develops a crush on one of the lead singers, Boo Boo - and is in disbelief that she actually likes a boy! Meanwhile, Gene gets creative - and slightly offensive - in a table-setting competition.",22,769817
44,3,22,"Carpe Museum","2013-05-05",2013,7.8,13,"Bob chaperones a school trip to the museum and experiences some father-daughter bonding with Louise, while Gene and his gang are on the lookout for exhibits with busts, and not the kind that are sculpted out of stone. Later, on the museum steps, Linda offers her distinctive chanting talents to striking workers.",22,769816
45,3,23,"The Unnatural","2013-05-12",2013,7.6,11,"After Gene loses his confidence at his baseball game, Linda decides to sign him up for baseball camp. The only problem? She needs money to pay for it! Meanwhile, Tina discovers her love for espresso and becomes a caffeine addict.",22,769815
46,4,1,"A River Runs Through Bob","2013-09-29",2013,7.1,15,"Bob, Linda and the kids brave river rapids, squirrels and separation while on a camping adventure.",24,769823
47,4,2,"Fort Night","2013-10-06",2013,7.8,14,"The kids' Halloween adventure goes awry when Louise's friend Millie takes them hostage.",22,769831
48,4,3,"Seaplane!","2013-11-03",2013,7.2,16,"Linda's attempt to spice up date night by signing up for flying lessons backfires when Bob refuses to go with her and she ends up the target of a charming pilot.",24,769832
49,4,4,"My Big Fat Greek Bob","2013-11-10",2013,6.8,15,"When Bob gets a job cooking at a frat house, he and the brothers find themselves in the middle of a prank war; the kids hatch a plan to invade the frat house.",22,769833
50,4,5,"Turkey in a Can","2013-11-24",2013,6.8,18,"Bob discovers his carefully prepared turkey was put in the toilet in an act of Thanksgiving sabotage.",22,769830
51,4,6,"Purple Rain-Union","2013-12-01",2013,7.3,15,"Linda reunites her old band to perform at her high school reunion; a woman who had a crush on Bob in high school attempts to impress him.",22,769829
52,4,7,"Bob and Deliver","2013-12-08",2013,8.1,14,"Bob becomes a substitute home economics teacher at Tina's school and creates a restaurant in the classroom.",22,769834
53,4,8,"Christmas in the Car","2013-12-15",2013,7.6,14,"The Belchers spend Christmas Eve running from a candy cane-shaped truck; Teddy gets stuck in the Santa trap.",22,769824
54,4,9,"Slumber Party","2014-01-05",2014,7.6,14,"Linda plans a surprise slumber party for Louise, much to her dismay; Louise tries to make the girls go home; Linda becomes infatuated some raccoons that are getting into the restaurant's dumpster.",22,769827
55,4,10,"Presto Tina-O","2014-01-12",2014,7.6,14,"In order to get closer to Jimmy Jr., Tina becomes a magician's assistant; Bob becomes the victim of a curse.",22,769828
56,4,11,"Easy Com-mercial, Easy Go-mercial","2014-01-26",2014,7.7,15,"The Belchers hire a documentary filmmaker and a former football star to help them film a commercial.",22,769825
57,4,12,"The Frond Files","2014-03-09",2014,7.5,15,"Bob and Linda learn that their kids' essays about their fantasy versions of the school are considered offensive and too creative.",22,769826
58,4,13,"Mazel-Tina","2014-03-16",2014,7.5,15,"Tina isn't invited to a classmate's bat mitzvah but ends up at the event anyway when her family is hired to cater.",22,972961
59,4,14,"Uncle Teddy","2014-03-23",2014,7.9,14,"When Bob and Linda plan a romantic getaway at a burger convention, they ask Teddy to watch the kids; Teddy tries to put Tina's crush in his place.",22,973231
60,4,15,"The Kids Rob a Train","2014-03-30",2014,7.6,15,"When the Belchers go on a train trip, Gene, Louise and Tina are seated in a separate car; Linda and Bob indulge in a wine-tasting.",22,973456
61,4,16,"I Get a Psy-Chic Out of You","2014-04-06",2014,7.4,15,"After predicting a telemarketer's call at the restaurant, Linda and the kids believe she's psychic.",22,973721
62,4,17,"The Equestranauts","2014-04-13",2014,8.2,17,"Tina attends a convention based on an animated show about ponies and finds that many of the fans are middle-aged men; when Tina is tricked out of her rare pony toy, Bob goes under cover to get it back.",22,974118
63,4,18,"Ambergris","2014-04-20",2014,6.9,14,"When Gene, Louise and Tina discover a valuable whale by-product on the beach, Louise tries to cheat her siblings out of the profit; Bob and Linda deal with their unstable landlord.",22,974234
64,4,19,"The Kids Run Away","2014-04-27",2014,7.9,14,"When she learns she has a cavity, Louise runs away from the dentist's office and seeks refuge at Aunt Gail's house.",22,974672
65,4,20,"Gene It On","2014-05-04",2014,6.9,15,"When Tina is unable to speak after falling and biting her tongue during a cheerleading audition, Louise offers to be her translator.",22,975327
66,4,21,"Wharf Horse (or How Bob Saves/Destroys The Town) (1)","2014-05-11",2014,7.1,14,"Motivated by the promise of a beachside burger restaurant, Bob helps Felix talk Mr. Fischoeder into selling Wonder Wharf.",22,975415
67,4,22,"World Wharf II: The Wharfening (or How Bob Saves/Destroys The Town) (2)","2014-05-18",2014,7.7,14,"Linda and the kids must save the day when Felix's desperate measures put Bob and Mr. Fischoeder in danger.",22,975542
68,5,1,"Work Hard or Die Trying, Girl","2014-10-05",2014,7.9,14,"Gene tries to make one of his dreams a reality when he gets the opportunity to make a musical version of Die Hard at the Wagstaff Fall Festival.",22,1014608
69,5,2,"Tina and the Real Ghost","2014-11-02",2014,8.1,12,"Tina begins an out-of-this-world romance with a ghost that is believed to be living in the Belcher's basement.",22,1014609
70,5,3,"Friends with Burger-fits","2014-11-16",2014,7.8,12,"Teddy's health is a cause for concern. So he and Bob attend a bootcamp. The kids come up with a new sport to play in the walk-in refrigerator.",22,1014808
71,5,4,"Dawn of the Peck","2014-11-23",2014,7.9,11,"While Bob is boycotting the holiday, Linda and the kids spend Thanksgiving at the First Annual Fischoeder Turk-tacular Turkey Town Festival. However, a wild bird attack leads to total mayhem.",22,1017840
72,5,5,"Best Burger","2014-11-30",2014,8,12,"Bob enters a burger-making contest, only to discover that his distinguishing ingredient is missing! To help out their dad, the kids go on a mission to find the ever-so-important black garlic.",22,1019223
73,5,6,"Father of the Bob","2014-12-07",2014,7.7,11,"Bob and his dad, ""Big Bob"", try to outdo each other in the kitchen when they rehash an old argument at Big Bob's Christmas party. Meanwhile, the kids compete to get the best present for Bob.",22,1019294
74,5,7,"Tina Tailor Soldier Spy","2014-12-14",2014,7.7,11,"Tina goes undercover in her old Thundergirls troop to find the mole who is giving away their cookie secrets. Meanwhile, Linda dyes her hair blonde.",22,1019393
75,5,8,"Midday Run","2015-01-04",2015,7.8,12,"Who runs the halls? Tina! When Tina is up for a hall monitor promotion, she's determined to do whatever it takes to nab the powerful job.",22,1023996
76,5,9,"Speakeasy Rider","2015-01-11",2015,7.8,12,"Tina, Gene and Louise are ready to put the pedal to the metal when they join a go-kart league. Meanwhile, back at the restaurant Bob and Teddy partner up to serve Teddy's home-brewed beer on the sly.",22,1023997
77,5,10,"Late Afternoon in the Garden of Bob and Louise","2015-01-25",2015,7.9,12,"Bob agrees to give Logan a job at the restaurant in exchange for a plot at the local community garden.",22,1029993
78,5,11,"Can't Buy Me Math","2015-02-08",2015,8.4,11,"Tina teams up with Darryl to win the Cupid's Couple contest at the school dance. Meanwhile, Linda plans a full week of ambitious Valentine's Day activities for her and Bob.",22,1038407
79,5,12,"The Millie-churian Candidate","2015-02-15",2015,8.5,13,"Tina and Louise volunteer to run Jimmy Junior's class president campaign in order to keep Millie from winning, and ruining the school. Meanwhile, Bob becomes obsessed with a knife after talking himself into buying it for $300.",22,1038408
80,5,13,"The Gayle Tales","2015-03-01",2015,7.7,14,"Gayle arrives at Bob's Burgers in tears because her date for the evening was cancelled and she had theater tickets. Desperate to get out of the house after being grounded, the kids compete to be Aunt Gayle's ""date"" for the evening via an essay contest.",22,1043043
81,5,14,"L'il Hard Dad","2015-03-08",2015,8,14,"Bob becomes obsessed with his new automatic helicopter. When it falls apart for no reason, he enters into a battle with the manufacturer in order to receive a refund. Gene assists Bob in his quest, but things quickly get out of hand and end in a crazy helicopter battle. Meanwhile, Louise and Linda help Tina prepare for her oral book report.",22,1043549
82,5,15,"Adventures in Chinchilla-sitting","2015-03-15",2015,7.6,12,"Bob and Linda head out on the town for a date - but to Linda's dismay, Bob's idea of romance proves ""trivial."" Meanwhile, a wild chinchilla chase ensues after the school pet that Louise was charged with watching escapes out the front door.",22,1044588
83,5,16,"The Runway Club","2015-03-22",2015,7.9,12,"The kids are sentenced to Saturday detention and will do anything it takes to leave early, so they can attend the Cotton Candy Festival. Meanwhile, Bob and Linda believe they are being scammed by a young girl at the restaurant.",22,1044589
84,5,17,"Itty Bitty Ditty Committee","2015-04-26",2015,7.9,13,"Gene starts a band with Tina, Louise, Rudy, Peter and Daryl, only to be kicked out and left on his own. After declaring that he will never play his Casio again, Tina and Louise join forces to help Gene rediscover his love of music. Meanwhile, Linda deals with a horrible armpit rash that has everyone disgusted!",22,1050156
85,5,18,"Eat, Spray, Linda","2015-05-03",2015,8.5,13,"It's Linda's birthday and Bob needs more time to plan her birthday surprise. But when he sends her out of the house as a distraction, she goes missing! Mayhem ensues as the Belchers must work together to find Linda.",22,1051602
86,5,19,"Housetrap","2015-05-10",2015,8.5,14,"In true Belcher fashion, the family gets stuck in a terrible storm while vacationing at a beach house in Craggy Neck. The storm is the least of their worries, however, when they are forced to take shelter with the mysterious owner of the home.",22,1054187
87,5,20,"Hawk & Chick","2015-05-17",2015,8.2,13,"Bob and Louise are thrilled when they meet Hawk, the star of their favorite martial arts series, and are quick to offer help upon learning about his family troubles.",22,1056216
88,5,21,"The Oeder Games","2015-05-17",2015,8.3,13,"With the threat of a rent increase on Ocean Avenue, Bob and the other tenants rebel! After approaching Fischoeder, the tenants find out that they will have to compete in order to convince him to keep their rents reasonable.",22,1056217
89,6,1,"Sliding Bobs","2015-09-27",2015,8.1,14,"Bob notices that he has started to lose his hair. In a wave of nostalgia, Linda reminisces about Bob’s mustache and how it made her fall for him years ago. Meanwhile, the kids tell their own versions of the story of how their parents met.",22,1080760
90,6,2,"The Land Ship","2015-10-11",2015,7.7,13,"The upcoming Land Ship parade could mean increased business for Bob, until he learns that two port-o-potties will be placed in front the restaurant. Meanwhile, Tina learns from her friends that she’s boring, so she joins up with Jordan who has been vandalizing the school with graffiti. But when Jordan wants to spray graffiti on the Land Ship, Tina must decide between ruining the parade or disappointing her new crush.",22,1108654
91,6,3,"The Hauntening","2015-10-18",2015,8.7,15,"The Belchers are ready for an amazing Halloween! Louise reveals that she has never been scared before and the family sets out to visit a spooky haunted house. When trouble ensues following their visit, the Belchers find themselves in a zany situation more frightening than they bargained for!",22,1110483
92,6,4,"Gayle Makin' Bob Sled","2015-11-08",2015,7.7,14,"When Gayle is injured, Linda sends Bob off to pick her up, so that she doesn't miss out on Thanksgiving festivities. But an unexpected snowstorm derails his trip home, and his epic plan to prepare the turkey is foiled. Bob then must put the fate of the turkey and the Belcher Thanksgiving in Linda's hands and spend time bonding with his sister-in-law.",22,1135186
93,6,5,"Nice-Capades","2015-11-15",2015,7.3,15,"When a grumpy mall Santa threatens the kids with the dreaded Naughty List, Gene, Tina and Louise decide to put on a musical performance spectacular to earn their spot on the Nice List. Can they change Santa’s mind in time to save their Christmas?",22,1135187
94,6,6,"The Cook, the Steve, the Gayle, & Her Lover","2016-01-17",2016,8.1,12,"When Bob throws a dinner party to bond with his new friend, Gayle uses the opportunity to introduce the family to her new love interest. Little does she know, Louise has a long-standing feud with Gayle’s boyfriend and her niece will stop at nothing to break them apart. Calamity ensues as Bob attempts to impress his new buddy and the kids take action.",22,1159158
95,6,7,"The Gene and Courtney Show","2016-02-14",2016,7.8,12,"Gene and Courtney get their big break when they are asked to be the new hosts of the morning announcements, but their romantic history threatens to get in the way. Meanwhile, Tina's attempt to play Cupid goes tragically awry when she volunteers to spear-head the Valentine's Day carnation fundraiser.",22,1159159
96,6,8,"Sexy Dance Healing","2016-02-21",2016,8,10,"After Bob slips on the sidewalk, he is forced to take legal action in order to pay for surgery. In a turn of events, Bob finds himself under the care of Jairo, who promises to help him heal without a doctor. Meanwhile, the kids create a fake law firm to settle their personal discrepancies.",22,1166082
97,6,9,"Sacred Couch","2016-03-06",2016,7.4,10,"After a family vote rules against buying a new couch during TV Night, Louise takes matters into her own hands. The Belchers take sides as they are forced to decide whether memories are enough to keep their family sofa. Will they take the Sofa Queen’s advice and learn to love a new couch?",22,1166083
98,6,10,"Lice Things Are Lice","2016-03-13",2016,7.4,9,"When Tina volunteers alongside Nurse Liz, she finds herself involved in the biggest scandal to hit Wagstaff: a lice infestation. Meanwhile, Bob makes improvements to the restaurant that end up driving customers away. Can the Belchers juggle both a crisis at the restaurant and lice?",22,1166084
99,6,11,"House of 1000 Bounces","2016-04-03",2016,7.8,9,"When there is a bounce house crisis at Regular Sized Rudy’s birthday party, the Belcher kids devise a scheme to save the day. Meanwhile, Bob deals with an unexpected guest at the restaurant and is forced to come to terms with a longstanding fear.",22,1176766
100,6,12,"Stand By Gene","2016-04-03",2016,8.3,10,"When Gene overhears talk about a mystical creature that lives nearby, he leads the Belcher kids and their friends on a journey to find it. Meanwhile, Linda's competitive nature takes over during downtime at the restaurant.",22,1176767
101,6,13,"Wag the Hog","2016-04-10",2016,7.4,10,"When Bob's longtime friend, Critter, finds himself in jail for unpaid parking tickets, the Belchers decide to do what they can to help him out. Meanwhile, Linda takes on a babysitting job that becomes more work than she signed up for.",22,1176768
102,6,14,"The Hormone-iums","2016-04-17",2016,7.4,9,"When Dottie Minerva comes down with a bad case of mono, Tina gets her shot as soloist of the Hormone-iums. But as she rehearses for the big assembly, Tina realizes that her role in the play could ruin her social status. Meanwhile, Linda strikes gold with a business plan that she thinks could make the Belchers rich.",22,1177568
103,6,15,"Pro Tiki/Con Tiki","2016-04-24",2016,7.2,10,"When Bob's friend, Warren, comes to town, he makes an offer to invest in the restaurant. Bob is thrilled that it finally could get a much-needed makeover, until he learns that Warren has some strong interior design choices in mind. Meanwhile, Warren's visit means one of the kids must give up their bedroom.",22,1179036
104,6,16,"Bye Bye Boo Boo","2016-05-08",2016,7.4,10,"When Louise hears that Boo Boo is leaving Boyz 4 Now, she enters a contest that could give Tina the chance to meet him. Meanwhile, Bob and Linda learn an interesting piece of history regarding the restaurant, which leads to tension between Bob and Jimmy Pesto.",22,1191198
105,6,17,"The Horse Rider-er","2016-05-15",2016,7.8,10,"After finally convincing Bob and Linda to send her to horse camp, Tina realizes she has to part ways with Jericho, her imaginary horse. Meanwhile, Linda decides to create a restaurant camp in an attempt to make things fair for Gene and Louise.",22,1192370
106,6,18,"Secret Admiral-irer","2016-05-22",2016,8.3,10,"Tina's ideas of love and romance are tested and Bob makes new friends.",22,1193865
107,6,19,"Glued, Where's My Bob?","2016-05-22",2016,8.5,10,"Bob gets glued to the toilet in the restaurant as a result of a prank gone wrong by the kids.",22,1193866
108,7,1,"Flu-ouise","2016-09-25",2016,8.1,14,"When the youngest Belcher comes down with an epic case of the flu, Linda has a mishap as she tries to deliver Louise's favorite toy to her daughter's bedside. After Louise vows that she will never forgive her family for their mistake, she falls into a wild fever dream filled with familiar faces, zany musical numbers and a crazy adventure.",22,1225225
109,7,2,"Sea Me Now","2016-10-09",2016,8.2,13,"Teddy tries to impress his ex-wife by organizing a day trip on his newly refurbished boat; Tina attempts to prove she's responsible enough to have a cellphone by taking care of Bob's prized eraser.",22,1225226
110,7,3,"Teen-A-Witch","2016-10-23",2016,7.9,12,"With Halloween quickly approaching, Tina reveals her brilliant idea that will finally win her first place in the annual costume contest. When Tammy steals her idea, Tina is forced to seek the help of Mr. Ambrose, who leads her to alternate and other-worldly methods of winning. Meanwhile, Bob is on a mission to figure out who is stealing his perfectly crafted pumpkins.",22,1230337
111,7,4,"They Serve Horses, Don't They?","2016-11-06",2016,8.2,12,"The Belchers find themselves involved in a full-blown investigation after Bob secures a new meat provider.",22,1237249
112,7,5,"Larger Brother, Where Fart Thou?","2016-11-20",2016,8,11,"When Tina has a mishap that lands her in detention, Bob and Linda don't have a babysitter for their other kids, forcing them to let Gene and Louise stay at home alone. With the house to themselves, the younger Belchers find themselves in a sticky situation, while Bob and Linda get into surprising trouble with their accountant.",22,1241370
113,7,6,"The Quirk-ducers","2016-11-21",2016,8.6,11,"When Mr. Frond’s annual play threatens to ruin the half day before Thanksgiving, Gene and Louise decide they need to sabotage it in order to save their long weekend. Unknowingly, Tina provides her holiday fan fiction as the subject matter and the kids get to work on their own version of the play. Meanwhile, Linda finds a potato with a striking resemblance to her late grandfather.",22,1241048
114,7,7,"The Last Gingerbread House on the Left","2016-11-27",2016,7.9,11,"As the Belchers prepare for Christmas, Bob gets an unexpected call from Mr. Fischoeder asking him to bring food to a party at his home. When Bob arrives, he discovers that he has gotten involved in an intense gingerbread house building competition with Mr. Fischoeder's rowdy group of friends. Meanwhile, Linda and Teddy try to inspire some Christmas cheer in the neighbors as they take the kids caroling.",22,1243580
115,7,8,"Ex Mach Tina","2017-01-08",2017,8.5,10,"After hurting her ankle, Tina enrolls in a program that enables her send a robot of herself to school and the robot gives her an unexpected breakthrough with Jimmy Jr.",22,1253323
116,7,9,"Bob Actually","2017-02-12",2017,8.1,10,"With Valentine's Day approaching, Tina, Gene and Louise each find themselves wrapped up in love-caused chaos. Meanwhile, Bob decides on a romantic gesture in order to impress Linda.",22,1268946
117,7,10,"There's No Business Like Mr. Business Business","2017-02-19",2017,7,10,"When Gayle's cat, Mr. Business, secures pet agent Ian Amberson, Bob finds out that Linda may have been helping to fund the cat's career. Ever the skeptic, Bob is prepared to shut it down, but learns that Mr. Business could be on the verge of his big break.",22,1273545
118,7,11,"A Few 'Gurt Men","2017-03-05",2017,8.1,10,"Louise is put in a sticky situation when she must defend one of her biggest foes at Wagstaff during a mock-trial. Meanwhile, Bob works with Jimmy Pesto to out a regular food-scammer.",22,1273546
119,7,12,"Like Gene for Chocolate","2017-03-12",2017,7.5,10,"When Gene learns that the formula for his favorite chocolate has changed, he works with the head of the company in an attempt to remedy the situation. Meanwhile, Bob gets wrapped up in one of Teddy's less-than-perfect plans.",22,1273547
120,7,13,"The Grand Mama-Pest Hotel","2017-03-19",2017,7.6,11,"Linda jumps at the chance to chaperone Tina's weekend away at a heroine conference, but Tina's new friend could put Linda's perfect weekend in jeopardy. Meanwhile, the younger Belchers have plans for their weekend alone with Bob. What could possibly go wrong?",22,1289903
121,7,14,"Aquaticism","2017-03-26",2017,7.7,10,"When Tina learns that the aquarium is in danger of closing, the Belcher children devise a scheme to keep it running. Meanwhile, Bob realizes that he could learn a thing or two from Linda's customer service skills.",22,1295764
122,7,15,"Ain't Miss Debatin'","2017-03-26",2017,8.6,12,"When Tina is recruited by the debate team, she finds unexpected success and an even more unexpected relationship. Meanwhile, Louise and Gene convince their parents to help fund a stop-motion movie focusing on a surprising subject matter.",22,1298680
123,7,16,"Eggs for Days","2017-04-02",2017,7.8,10,"The annual Easter egg hunt always brings out the competitive sides of Bob and Linda, but this time, the game goes awry. After the Belcher parents have a little too much fun hiding the eggs, the entire family is enlisted in finding the lone egg that is quickly rotting in its hiding place. Don't miss the calamity that ensues",22,1295765
124,7,17,"Zero Larp Thirty","2017-04-23",2017,8.2,10,"When Linda wins a contest to spend a dream weekend at the home where her favorite television show is filmed, things don't go quite as planned. Back at home, Teddy's back problems leave him stuck on the floor, while he babysits the kids.",22,1307060
125,7,18,"The Laser-inth","2017-04-23",2017,8.3,10,"Gene accompanies Bob on the last-ever rock-and-roll laser show at the planetarium, but the night takes an unexpected turn. Meanwhile, Linda takes the girls out for dinner and Louise has a surprise revelation.",22,1307061
126,7,19,"Thelma & Louise Except Thelma is Linda","2017-05-07",2017,8.2,10,"After Louise gets in trouble at school, Linda is forced to meet with Mr. Frond and potentially could lose her hard-earned position as the Wagstaff bake sale leader. When she finds out that her daughter was actually trying to help another student, Linda is torn between following school policy or her own moral code.",22,1310657
127,7,20,"Mom, Lies and Videotapes","2017-05-07",2017,8.7,6,"Linda comes down with a nasty cold just in time for the Mother’s Day show at Wagstaff.",22,1310658
128,7,21,"Paraders of the Lost Float","2017-05-21",2017,7.6,11,"Teddy tries to persuade Bob to participate in the float contest for a supposedly easy victory.",22,1310659
129,7,22,"Into the Mild","2017-06-11",2017,7.7,11,"When Bob discovers that an outdoor specialty store is going out of business, he tries to live his dream of being an outdoorsman.",22,1319451
130,8,1,"Brunchsquatch","2017-10-01",2017,7.8,13,"To compete with Jimmy Pesto, Bob's Burgers begins serving brunch, but it quickly turns to chaos. Meanwhile, Tina, Gene and Louise decide to help Mr. Fischoeder's brother hide from him.",22,1373189
131,8,2,"The Silence of the Louise","2017-10-15",2017,8.1,11,"When Mr. Frond's therapy dolls are mysteriously attacked, Louise teams up with Millie to help solve the case. Meanwhile, Teddy decides to get into the inspirational poster business, but ends up with mixed results.",22,1373190
132,8,3,"The Wolf of Wharf Street","2017-10-22",2017,8,10,"On Halloween night, Linda tries to impress the kids by taking them to look for a wolf that has been terrorizing the town. Meanwhile, an injured and medicated Bob believes that Teddy has turned into a werewolf.",22,1382060
133,8,4,"Sit Me Baby One More Time","2017-11-05",2017,8.2,5,"When Tina launches a babysitting enterprise, it is quickly derailed after her business nemesis, Tammy, is hired to work alongside her. Meanwhile, Bob and Linda check out their competition at a restaurant that’s known for its burgers.",22,1382061
134,8,5,"Thanks-hoarding","2017-11-19",2017,7.8,4,"The Belchers reluctantly agree to help Teddy when his family unexpectedly tells him that they will be coming to see him on Thanksgiving.",22,1382062
135,8,6,"The Bleakening (1)","2017-12-10",2017,8.3,6,"Linda hopes to add some extra cheer around the neighborhood by hosting a party at the restaurant.",22,1404187
136,8,7,"The Bleakening (2)","2017-12-10",2017,9.7,3,"Linda is determined to host a party at the restaurant, in an effort to spread a little extra cheer around the neighborhood. But when she realizes that her prized ornaments have been stolen, she quickly begins questioning all guests, including Marshmallow's friend Art the Artist.",22,1416588
137,8,8,"V for Valentine-detta","2018-01-14",2018,8.6,5,"After a rough break up on Valentine's Day, the Belcher women have a limo girls' night out to make Tina feel better. Meanwhile, Bob and Gene have a trapeze experience that brings them closer.",22,1419132
138,8,9,"Y Tu Ga-Ga Tambien","2018-03-11",2018,8.2,5,"When a new playground game is introduced, the school's social hierarchy is turned upside-down and Gene disapproves. Meanwhile, Linda fills in for the local library storyteller and pulls out all the stops to perfect her storyteller persona.",22,1452427
139,8,10,"The Secret Ceramics Room of Secrets","2018-03-18",2018,8.5,4,"When the kids are given the task of making homemade gifts for their grandma's birthday, they set out to find a secret room filled with homemade ceramics which, according to urban legend, has been boarded up for years at their school. Meanwhile, Teddy starts a phone repair service and the adults become determined to improve his online rating.",22,1456472
140,8,11,"Sleeping With the Frenemy","2018-03-25",2018,5.5,6,"Tina allows Tammy to spend Spring Break with the Belchers - and even plays Cupid, setting up Tammy with Brett, a boy from out of town. Then, Gene and Bob enlist the help of Dr. Yap in finding a replacement baby tooth to complete Linda's collection, after Gene loses his own.",22,1460110
141,8,12,"The Hurt Soccer","2018-04-01",2018,8.2,5,"After forgetting that they signed up Louise for a soccer league, the Belchers must help her prepare to play in the season's last game. With Bob coaching the soccer game, Linda and Gene seize the opportunity to turn the restaurant into a piano bar.",22,1463622
142,8,13,"Cheer Up, Sleepy Gene","2018-04-08",2018,7.6,5,"Gene gets invited to his first sleepover and is nervous about it, and when things don't go as planned, he realizes he had a right to be. Meanwhile, Bob and Linda record themselves while sleeping to prove who snores more.",22,1467204
143,8,14,"The Trouble with Doubles","2018-04-15",2018,8.2,4,"Bob and Linda's double-date plans take a disastrous turn when the couples find themselves trapped inside an Escape Room. Meanwhile, with the parents out of the house, Louise hosts a zombie-movie night, but when the zombies turn out to be too scary, Tina must take charge.",22,1469102
144,8,15,"Go Tina on the Mountain","2018-04-22",2018,8.5,4,"The Belcher kids go to Outdoor Education only to have it rain, but Tina doesn't let the inclement weather get in the way of her having a nature-piphany, with the help of a hermit living in the woods. Meanwhile, Bob and Linda experience what it's like to be empty-nesters.",22,1469104
145,8,16,"Are You There Bob? It's Me, Birthday","2018-04-29",2018,7.8,5,"After forgetting Bob's birthday, Linda and the kids attempt to plan a last-minute surprise party. In order to plan the party though, Linda asks Hugo if Bob can go with him while he's doing restaurant health inspections.",22,1469106
146,8,17,"Boywatch","2018-05-06",2018,8.7,3,"Tina decides to join the Junior Lifeguards, but when she struggles with the training, one of her fellow junior guards, Parker, tries to convince her to quit. Meanwhile, business booms when Bob and Linda offer free wi-fi at the restaurant, but it is soon threatened by a cyber-attack.",22,1483820
147,8,18,"As I Walk Through the Alley of the Shadow of Ramps","2018-05-13",2018,8.5,4,"When a malicious juice truck owner tries to set up shop in the Belcher's alley, Louise devises a plan to win back their turf. Meanwhile, Linda learns that she can't always run to her sister's defense.",22,1483859
148,8,19,"Mo Mommy Mo Problems","2018-05-13",2018,8.2,4,"The Belchers attend open houses for the free food, per Linda's ""momnipotent"" Mother's Day request. When Linda meets a charming real estate agent and agrees to a private showing, the kids stumble upon an unexpected surprise and the family ends up at the helm of a real estate scheme.",22,1487496
149,8,20,"Mission Impos-slug-ble","2018-05-20",2018,8.7,3,"When Louise's extensive Burobu card collection gets confiscated at school, she devises a tricky plan to get them back. Meanwhile, Bob must give a eulogy for an old acquaintance, despite an unfortunate incident that happened years ago.",22,1487495
150,8,21,"Something Old, Something New, Something Bob Caters for You","2018-05-20",2018,8.8,4,"Just as Bob wonders if working in the restaurant business is worth it, a couple who fell in love at the restaurant asks the Belchers to cater their wedding. When things don't go as planned, Linda tries to save the day.",22,1493685
151,9,1,"Just One of the Boyz 4 Now for Now","2018-09-30",2018,7.8,9,"Convinced she's met the love of her life, Tina decides to disguise herself as a boy and sneak into the Boyz 4 Now auditions to find him. Back at the restaurant, Teddy asks the rest of the Belcher gang to nurse his baby rat back to health.",23,1531138
152,9,2,"The Taking of Funtime One Two Three","2018-10-07",2018,8.2,9,"Desperate for the grand prize dune buggy at their local arcade, Louise, Tina and Gene devise a master plan, with the help of Mr. Fischoeder. Meanwhile, Teddy manages to convince Bob and Linda to take in a chicken by promising fresh eggs.",23,1570508
153,9,3,"Tweentrepreneurs","2018-10-14",2018,8,7,"Tina, Louise, and Gene get a taste of business when they join the school's Tweentrepeneurs club. Back at the restaurant, Bob and Linda find themselves outsmarted by a dine-and-dasher.",23,1574817
154,9,4,"Nightmare on Ocean Avenue Street","2018-10-21",2018,8.1,8,"The kids set out for their regular Halloween shenanigans, but when everyone's candy bags start mysteriously disappearing, it's up to Tina, Louise, and Gene to find the culprit. Meanwhile, Teddy decorates the restaurant to compete with another handyman on the street but gets a little carried away.",23,1579836
155,9,5,"Live and Let Fly","2018-11-04",2018,7.9,7,"The kids learn the dangers of revenge when their plan to get back at the school guidance counselor gets them entangled in a deep rooted sibling rivalry between two pilots. Meanwhile, Linda and Bob put their game faces on when Teddy invites them to a paper airplane contest.",23,1591727
156,9,6,"Bobby Driver","2018-11-11",2018,7.9,8,"Bob agrees to drive professional quilter Edith around town, after she convinces him to join in a plot for revenge. Meanwhile, the kids attend a lavish ""Gatsby""-themed birthday party, and Linda helps Teddy expand his taste palate.",23,1596796
157,9,7,"I Bob Your Pardon","2018-11-18",2018,8.3,6,"The Belchers set out to save a turkey from a trip to the slaughterhouse, but when a local reporter catches wind of their schemes, the mission becomes more complicated than they had anticipated.",23,1603317
158,9,8,"Roller? I Hardly Know Her!","2018-11-25",2018,7.9,7,"Gene is livid when his best friend, Alex, ditches him to be Courtney's roller-dancing partner. Meanwhile, Teddy, Linda and Bob let their imaginations get the best of them when they discover someone stalking the restaurant.",23,1610397
159,9,9,"UFO No You Didn't","2018-12-02",2018,7.9,7,"Tina and her new science partner create a device that allows them to communicate with aliens, but their excitement turns to fear when they receive a dangerous warning message. Meanwhile, Bob attempts to sell mini coat racks he bought.",23,1613947
160,9,10,"Better Off Sled","2018-12-09",2018,8.2,8,"The battle is on when some angsty teenagers take over Louise, Gene and Tina's usual sledding territory, inciting an epic turf war. Meanwhile, Bob steps in to help Linda, who's in a time crunch to get three scarves knitted before Christmas.",23,1613949
161,9,11,"Lorenzo's Oil? No, Linda's","2019-01-06",2019,7.4,7,"Linda's new friend introduces her to essential oils and Aunt Gayle is convinced she must be rescued. Meanwhile, Bob and Teddy are bamboozled into performing a series of annoying favors for Mr. Huggins.",23,1640527
162,9,12,"The Helen Hunt","2019-01-13",2019,8.3,7,"The Belchers make it their mission to help Teddy get his dream girl, but Tina is convinced she's found a better match for him.",23,1637676
163,9,13,"Bed, Bob & Beyond","2019-02-10",2019,6.7,7,"A Valentine's Day fight between Bob and Linda has the kids feeling confused. After a failed attempt to see a movie, it's up to Tina, Louise and Gene to tell their own story as a distraction from the awkward tension.",23,1645341
164,9,14,"Every Which Way But Goose","2019-02-17",2019,7.8,6,"Tina, discouraged by not being asked to prom by Jimmy Jr., forms an unhealthy attachment to a goose from the nearby park. Meanwhile, Linda joins a dating app to help Gretchen find a match.",23,1645344
165,9,15,"The Fresh Princ-ipal","2019-03-03",2019,8.5,6,"Things get out of hand when Louise wins a contest to be Principal for a Day. Meanwhile, Teddy attempts to help Bob when he suddenly finds himself unable to flip burgers",23,1707381
166,9,16,"Roamin' Bob-iday","2019-03-10",2019,8.2,6,"The family forces workaholic Bob to take a much-needed day off, only for him to wind up working at a local sandwich shop. Meanwhile, Linda and the kids throw a last minute baby shower at the restaurant for a female biker group.",23,1707383
167,9,17,"What About Blob?","2019-03-17",2019,7.8,8,"Gene convinces Tina and Louise to help him save a misunderstood plankton blob from being destroyed by a yacht club.",22,1707385
168,9,18,"If You Love It So Much, Why Don't You Marionette?","2019-03-24",2019,7.9,7,"The kids visit a marionette theater for a school field trip and Louise gets on the theater owner's bad side.",23,1707386
169,9,19,"Long Time Listener, First Time Bob","2019-04-07",2019,8,8,"Bob meets his personal hero - a renegade radio DJ who refuses to compromise. However, the Belchers get in over their heads when they try to help him stage a comeback.",23,1707387
170,9,20,"The Gene Mile","2019-04-28",2019,8.2,6,"When the kids have to run a mandatory mile for school on free-ice-cream-day, they hatch an elaborate plot to sneak away. Meanwhile, Bob and Linda frantically try to secure discount tickets to a show at the Wharf Arts Center.",23,1740423
171,9,21,"P.T.A. It Ain't So","2019-05-05",2019,7.7,7,"Linda attempts to become more involved with the P.T.A., inspired by its seemingly perfect president, Joanne. Meanwhile, Bob tries to cheer up a hardware store owner after unknowingly making a joke about his pet parrot that recently flew away.",23,1740425
172,9,22,"Yes Without My Zeke","2019-05-12",2019,7.8,6,"When Zeke gets in trouble, the Belcher kids and Jimmy Jr. pitch in to help prevent him from being sent to a disciplinary school. However, Tina tries to thwart their mission, so she can have Jimmy Jr. and his butt all to herself. Meanwhile, Randy rents out Bob's Burgers to shoot his independent short feature film.",23,1740426
173,10,1,"The Ring (But Not Scary)","2019-09-29",2019,8.1,7,"Bob's plan to surprise Linda for their anniversary gets tricky when the kids become involved.",22,1871589
174,10,2,"Boys Just Wanna Have Fungus","2019-10-06",2019,8,9,"Unable to afford a rare gourmet mushroom for a Burger of the Day, Bob and Gene jump into the cutthroat world of mushroom foraging. Meanwhile, Tina's powerful new prescription glasses lead her to believe she has a superpower.",22,1933223
175,10,3,"Motor, She Boat","2019-10-13",2019,7.4,7,"Tina and Bob participate in the Thundergirls father-daughter cardboard boat race and Tina tries to hide her feelings about Bob's terrible boat-building skills. Meanwhile, Linda drags Louise and Gene to a fire station open house and overstays her welcome.",23,1934817
176,10,4,"Pig Trouble in Little Tina","2019-10-20",2019,7.8,8,"Tina dissects a fetal pig in science class and things get spooky. Also, Bob and Linda do battle with a giant ball of ear wax.",22,1939305
177,10,5,"Legends of the Mall","2019-11-03",2019,8.3,7,"On a Belcher family trip to the mall, Tina is mistaken for a sleeping boy's girlfriend. Meanwhile, Gene and Louise are turned loose on motorized animals, Linda disrupts a book reading and Bob struggles to shop for acceptable pants.",23,1871591
178,10,6,"The Hawkening: Look Who's Hawking Now!","2019-11-10",2019,7.5,8,"Bob and Louise are riding high, hosting an exclusive screening of a Hawk & Chick movie at the restaurant, until the actor who plays Hawk throws a wrench into the works, for his own mysterious reasons.",22,1947463
179,10,7,"Land of the Loft","2019-11-17",2019,6.3,9,"Bob and Linda challenge themselves and attend a loft party on a stormy night, while the kids challenge their babysitter, Jen, and face the storm in an ice cream truck.",22,1939307
180,10,8,"Now We're Not Cooking With Gas","2019-11-24",2019,8.4,7,"Bob is determined to do whatever it takes to cook a rare, heritage turkey after the gas goes out on Thanksgiving.",22,1971546
181,10,9,"All That Gene","2019-12-01",2019,6.8,8,"Gene auditions for a small role in a local theater production, but things backfire when he discovers that Linda actually bargained with the director to get Gene the part.",23,1980515
182,10,10,"Have Yourself a Maily Linda Christmas","2019-12-15",2019,8.1,7,"Linda works a temp job at the post office to make extra money for the holidays. But when an important package goes undelivered, Linda breaks protocol and takes it upon herself to save the day. Meanwhile, Bob and Tina are trapped at home with Linda's fussy family and Gene and Louise scramble last-minute to find the perfect gift for Tina.",22,1983492
183,10,11,"Drumforgiven","2020-01-12",2020,7.9,7,"Gene gets kicked out of the Ocean Avenue Hifi Emporium, but Louise takes matters into her own hands to defend Gene's honor. Teddy takes a handyman job at Jimmy Pesto's restaurant and tries to hide it from Bob.",22,1983493
184,10,12,"A Fish Called Tina","2020-02-16",2020,7.9,7,"Tina goes too far trying to be a perfect mentor. Meanwhile, Bob and Linda test out the gym next door.",22,1983495
185,10,13,"Three Girls and a Little Wharfy","2020-02-23",2020,8.1,8,"Louise skeptically joins Jessica and fifth-grader Megan in their search for Wharfy, a mythical sea monster, while Bob takes an online master class by a world-renowned chef.",22,1983496
186,10,14,"Wag the Song","2020-03-01",2020,7.5,8,"Tina competes against Gene and Louise to write a new school song for Wagstaff but finds herself creatively stalled. Meanwhile, Bob and Linda battle blinding glare from Jimmy Pesto's new shiny steel awning across the street.",22,1983497
187,10,15,"Yurty Rotten Scoundrels","2020-03-08",2020,7.4,7,"When Gayle decides to host an artists' workshop in a yurt with only one attendee, Linda feels compelled to go to support her sister. Meanwhile, Louise and Gene lead a covert operation to find a lost cat for a cash reward.",22,1983499
188,10,16,"Flat-Top O' the Morning to Ya","2020-03-15",2020,7.8,8,"Bob and the kids help a down-on-his-luck restaurant owner, while Linda and Teddy get carried away with St. Patrick's Day festivities.",22,1983498
189,10,17,"Just the Trip","2020-03-22",2020,8.3,7,"The family takes an unexpected road trip with Nat the limo driver.",22,1983494
190,10,18,"Tappy Tappy Tappy Tap Tap Tap","2020-04-19",2020,7.3,7,"Tina goes to see Josh perform in a tap show, and suspects sabotage when he's injured on stage.",22,2209681
191,10,19,"The Handyman Can","2020-04-26",2020,7.9,8,"When Teddy finds himself doubting his abilities as a handyman, the kids build up his confidence.",22,2209682
192,10,20,"Poops!... I Didn't Do It Again","2020-05-03",2020,8,8,"Louise must face her fear of public pooping when her class goes on an overnight trip to the aquarium. Meanwhile, Linda enlists the family to make a video for her parents' anniversary.",22,2228886
193,10,21,"Local She-ro","2020-05-10",2020,7.6,8,"While trying to show Tina what's great about their town, Linda ends up on the trail of a legendary local singer. Meanwhile, Teddy turns to Bob for help in arguing with a sports radio host.",22,2244924
194,10,22,"Prank You for Being a Friend","2020-05-17",2020,8.3,7,"A classmate comes to Louise for lessons in how to get in trouble. Meanwhile, Bob reluctantly agrees to bring Jimmy Pesto his hernia medication.",23,2244925
195,11,1,"Dream a Little Bob of Bob","2020-09-27",2020,8.3,7,"Bob goes on an epic quest to find a misplaced lock box key. Tina attempts to learn a hand-slapping song that everyone can do - but her.",22,2366028
196,11,2,"Worms of In-Rear-Ment","2020-10-04",2020,7.6,8,"When the family prepares for a night out, they have to abort their plans when one certain member catches the pinworm.",22,2366029
197,11,3,"Copa-Bob-bana","2020-10-11",2020,7.5,8,"Bob agrees to be the temporary chef at the Fischoeders' new nightclub; the kids throw a pool party in the restaurant basement when they get a hold of a stock tank.",22,2446055
198,11,4,"Heartbreak Hotel-oween","2020-11-01",2020,8.1,8,"The kids meet a mysterious old woman at a hotel on Halloween as Louise plots her revenge for a candy transgression; Bob and Linda donate blood at a vampire-themed blood mobile.",22,2446056
199,11,5,"Fast Time Capsules at Wagstaff School","2020-11-08",2020,7.9,7,"Tina is put in charge of the Wagstaff School time capsule project, but she makes an enemy when she rejects Tammy's submission.",22,2500661
200,11,6,"Bob Belcher and the Terrible, Horrible, No Good, Very Bad Kids","2020-11-15",2020,8.4,8,"The family must figure out how to keep the restaurant open after Bob's flattop breaks on the morning of the Ocean Avenue Business Association's: Ocean Fest on Ocean Avenue.",22,2500662
201,11,7,"Diarrhea of a Poopy Kid","2020-11-22",2020,8,6,"When Gene can't eat Thanksgiving dinner because of a stomach flu, the family tries to cheer him up.",22,2500663
202,11,8,"The Terminalator II: Terminals of Endearment","2020-11-29",2020,8.1,8,"When Linda's parents have a layover at an airport nearby, Bob and Linda attempt to turn it into their annual ""visit.""",22,2500665
203,11,9,"Mommy Boy","2020-12-06",2020,7.6,7,"When Linda joins a women's business group, Gene gets possessive of her time. Meanwhile, Louise and Tina want to learn how to fight.",22,2505394
204,11,10,"Yachty or Nice","2020-12-13",2020,8.1,7,"When the Belchers get an unexpected invitation to cater the Glencrest Yacht Club's holiday boat parade, Bob wonders if there's a catch. Meanwhile, Louise has her eye on the present-loaded Santa Schooner.",22,2518986
205,11,11,"Romancing the Beef","2021-02-21",2021,8.1,7,"Louise convinces her parents to cash in on the lucrative Valentine's Day dinner business, even though it means putting Bob and Linda's own Valentine's Day plans on hold. Meanwhile, Tina attends Tammy's Anti-Valentine's Day party.",22,2537298
206,11,12,"Die Card, or Card Trying","2021-02-28",2021,8.1,8,"Linda drags Bob and the kids out into nature, determined to take the best holiday family portrait ever.",22,2687465
207,11,13,"An Incon-wheelie-ent Truth","2021-03-07",2021,7.7,7,"While on a family trip to the flea market, Bob and Linda are haunted by a lie they told Tina, Gene and Louise about what really happened to their beloved stuffed animal, Wheelie Mammoth.",22,2718392
208,11,14,"Mr. Lonely Farts","2021-03-14",2021,7.4,7,"When Linda and Tina go to the shoe store, Gene accidently is left home by himself. Meanwhile, Bob, Louise and Teddy go to buy restaurant equipment from a creepy guy whom Bob found on the internet.",22,2722024
209,11,15,"Sheshank Redumption","2021-03-21",2021,8.1,7,"Linda's new routine of diet and exercise gives her gastrointestinal trouble on the day of parent-teacher-student conferences.",22,2760892
210,11,16,"Y Tu Tina También","2021-03-28",2021,7.8,8,"When Tina is forced to listen to Spanish audio lessons in the library to improve her grade, she develops an unexpected crush. Meanwhile, Louise and Gene want to dunk Mr. Frond at the Wagstaff Spring Fair.",22,2772889
211,11,17,"Fingers-loose","2021-04-11",2021,7.5,8,"Tina faces a hall-monitor crisis when she falls in love with a new underground trend at Wagstaff that Mr. Frond is trying to squelch. Meanwhile, Bob and Linda try to come up with a way for Teddy to sneak food into a movie theater.",22,2804536
212,11,18,"Some Kind of Fender Benderful","2021-04-18",2021,7.4,8,"When Bob gets into a four-car fender bender right outside the restaurant, he realizes finding out who is at fault will not be as simple as he thought.",22,2821457
213,11,19,"Bridge Over Troubled Rudy","2021-05-02",2021,7.4,8,"Louise ropes her siblings into an adventure; Mort teaches Bob, Linda and Teddy how to meditate.",22,2862602
214,11,20,"Steal Magazine-olias","2021-05-09",2021,7.8,5,"The Belcher kids get caught up in a game of cat-and-mouse when Dr. Yap comes to the restaurant in search of something that was taken from the waiting room of his dentistry office. Meanwhile, Bob, Linda and Teddy try to clean a huge bird poop off the restaurant's window.",23,2879011
215,11,21,"Tell Me Dumb Thing Good","2021-05-16",2021,7.1,8,"Linda needs the kids' help in fighting for a fun, dumb, local tradition. Meanwhile, Bob is captivated by an online cucumber.",23,2905415
216,11,22,"Vampire Disco Death Dance","2021-05-23",2021,7.8,6,"After Tina and Bob plan a father-daughter date to see Bob's favorite old campy vampire-sing-along movie, Tina decides to invite her group of friends along, as well. Meanwhile, Linda opens a restaurant for the raccoons in their alley.",23,2905463
217,12,1,"Manic Pixie Crap Show","2021-09-26",2021,7,6,"Louise must pay a debt to Millie by attending the Pixie Princess Promenade. Meanwhile, a bouquet in the shape of a dog forces Linda to confront her past.",23,3093582
218,12,2,"Crystal Mess","2021-10-03",2021,7.2,5,"In order to help with anxiety about an upcoming oral report, Mr. Frond lends Tina a crystal that his new girlfriend alleges has special powers. Meanwhile, Bob and Linda buy a box of imperfect produce and try to use it all before it rots.",23,3242910
219,12,3,"The Pumpkinening","2021-10-10",2021,6.7,3,"When a mysterious note is sent to Linda on Halloween, she and Gayle must travel to their hometown to face a wrong they committed 27 years ago.",23,3242912
220,12,4,"Driving Big Dummy","2021-10-17",2021,7.3,6,"Bob gets roped into a road trip with Teddy while Linda and the kids compete for the title of employee of the day.",23,3242911
221,12,5,"Seven-tween Again","2021-10-24",2021,6.8,6,"Gene has a freak-out about growing up and desperately tries to relive his youth; Linda is tempted to try the fancy new hair salon that opened up next to Bob's Burgers, but she's scared of her hairdresser Gretchen's wrath.",23,3252950
222,12,6,"Beach, Please","2021-11-07",2021,7.2,5,"When the Belcher kids participate in a beach clean-up for Wagstaff Volunteer Day, Louise gets drawn into a battle of wits with Mr. Fischoeder; Teddy surprises Bob and Linda with a new look.",23,3252951
223,12,7,"Loft in Bedslation","2021-11-14",2021,7.2,4,"Linda and the girls attempt to build a loft bed for Louise in just one day; Bob and Gene host a group of gamers.",23,3252952
224,12,8,"Stuck in the Kitchen with You","2021-11-21",2021,6.8,4,"When Bob volunteers to cook Thanksgiving dinner for a retirement home, Louise gets stuck helping him on his most intense cooking day of the year. Meanwhile, Gene and Tina try to help Zeke entertain the residents.",23,3252953
225,12,9,"FOMO You Didn't","2021-11-28",2021,6.2,4,"Susmita offers to help Tina with a photography class assignment, but Tina can't stop thinking about all the fun Tammy, Jocelyn, Zeke and Jimmy Jr. are having ditching class. Meanwhile, a woman who used to live in the Belchers' apartment comes for a visit.",23,3252954
226,12,10,"Gene's Christmas Break","2021-12-19",2021,6.8,4,"After Gene breaks his favorite, extremely rare '70s era Christmas record, Tina and Louise join him in the search for another copy. Meanwhile, Teddy wants to do a neighborhood Secret Santa with Bob and Linda.",23,3252955
227,12,11,"Touch of Eval(uations)","2022-01-09",2022,7.5,4,"Louise realizes the new plan for student evaluating teachers has shifted the power at school from teacher to student; Bob and Linda find they don't agree on where their final resting place should be.",23,3252956
228,12,12,"Ferry on My Wayward Bob and Linda","2022-02-27",2022,6.4,5,"Bob and Linda accept a Valentine's Day dinner invitation from the chef of a fancy restaurant; the kids have a scheme to get cheap Valentine's Day candy, but first they'll have to make it past an unusually strict babysitter.",23,3252957
229,12,13,"Frigate Me Knot","2022-03-06",2022,7.2,5,"Linda encourages Teddy to attend a farewell ceremony for the ship on which he served in the Navy, but it means confronting his Navy pals and his past.",23,3510404
230,12,14,"Video Killed the Gene-io Star","2022-03-13",2022,6.7,6,"Gene begrudgingly agrees to participate in a music video for Courtney; Teddy and Linda obsess over a mysterious customer at the restaurant.",23,3526291
231,12,15,"Ancient Misbehavin","2022-03-20",2022,7.3,6,"After feeling slighted by a teacher during a special Ancient Greece unit, Louise, Millie and Regular Sized Rudy take matters into their own hands to restore justice. Meanwhile, Bob gets a room of his own.",23,3593165
232,12,16,"Interview with a Pop-pop-pire","2022-03-27",2022,6.6,7,"Big Bob is coming to dinner so that Tina can interview him for a school project. While the family waits for Pop Pop to arrive, they take turns coming up with their own versions of an infamous tree incident that happened to him in his younger years.",23,3593166
233,12,17,"The Spider House Rules","2022-04-10",2022,6.8,4,"Louise befriends a house spider and hides it in her room after Linda and Bob tell her to remove it from the apartment. Meanwhile, Bob tries to make a friend outside of the people that come to the restaurant.",23,3608740
234,12,18,"Clear and Present Ginger","2022-04-24",2022,6.8,4,"Linda has a big day planned when her friend comes to visit; Bob and the kids help Nat with her limo competition.",23,3645192
235,12,19,"A-Sprout A Boy","2022-05-01",2022,7,4,"When Gene becomes obsessed with an old handheld game, Bob offers to help with a school project, in hopes of steering his son towards more ""interesting"" pursuits. Meanwhile, Louise and Tina take over a grocery store kiddie ride.",23,3657448
236,12,20,"Sauce Side Story","2022-05-08",2022,6.8,5,"When Louise, Gene and Tina try to track down a lost family recipe for a Mother's Day gift for Linda, first they have to navigate an old family feud.",23,3680026
237,12,21,"Some Like It Bot: Eighth Grade Runner (1)","2022-05-15",2022,8.5,4,"When Tina's new shirt is ridiculed by Tammy and Jocelyn in a Wagstaff News segment called ""Wow or Weird,"" she turns to her erotic friend-fiction and writes about a futuristic world in which she is a robot.",23,3680027
238,12,22,"Some Like It Bot: Judge-bot Day (2)","2022-05-22",2022,8,6,"Tina is on a mission that could get her into a lot of trouble. Then, her family reads her erotic friend fiction, finds out what Tina is up to and tries to stop her.",23,3680028
239,13,1,"To Bob, or Not to Bob","2022-09-25",2022,7.3,6,"Bob, Linda and the kids help Mr. Fischoeder put on a play to get his brother Felix to confess to a theft. Meanwhile, Louise is jealous of Tina's hands.",22,3776327
240,13,2,"The Reeky Lake Show","2022-10-02",2022,8,4,"The family's Labor Day lake trip takes a turn when the Belchers find themselves trapped in their cabin, hiding from what lurks outside.",22,3960977
241,13,3,"What About Job?","2022-10-09",2022,7.5,4,"A school assignment about careers sends Louise spiraling, trying to imagine what her future might hold.",22,3960981
242,13,4,"Comet-y of Errors","2022-10-16",2022,7.5,4,"At a comet watch party, Bob tries to keep Teddy from going off the deep end, looking for signs from the universe. Meanwhile, the kids try to make their comet wishes come true.",22,3985162
243,13,5,"So You Stink You Can Dance","2022-10-23",2022,7.2,5,"Tina cheers Jimmy Junior on at a semi-prestigious dancing seminar while Bob and Linda compete to see who can catch the most homerun balls outside of Wonder Wharf Stadium.",22,3997521
244,13,6,"Apple Gore-chard! (But Not Gory)","2022-10-30",2022,7.2,6,"Louise suspects there's something sinister afoot during a Halloween field trip to an apple orchard. Meanwhile, Tina and Gene hope to win the school costume parade.",22,3997522
245,13,7,"Ready Player Gene","2022-11-13",2022,6.5,6,"A VR arcade opens next door and Gene spends all his money. Meanwhile, Louise and Tina try to build a menu tower taller than they ever have before.",22,4022687
246,13,8,"Putts-giving","2022-11-20",2022,6.8,6,"The Belchers go to a mini golf course on Thanksgiving morning.",22,4033081
247,13,9,"Show Mama from the Grave","2022-11-27",2022,7.7,7,"Bob takes Linda and the kids to visit his mother's grave, but finding the headstone is harder than he expected. Meanwhile, Teddy makes a grave mistake while doing repairs in the Belcher's house.",22,4054318
248,13,10,"The Plight Before Christmas","2022-12-11",2022,8.5,10,"Bob and Linda try to attend all three kids' holiday performances at the same time.",22,4057782
249,13,11,"Cheaty Cheaty Bang Bang","2023-01-08",2023,7.3,7,"After a student accuses her of cheating on a test, Tina needs to get back to school to clear her name, but a snowstorm traps her and her family at home.",22,4090735
250,13,12,"Oh Row You Didn't","2023-02-19",2023,7.2,6,"A man trying to row from New Zealand to Nova Scotia visits the restaurant to have a burger and it changes everything.",22,4121321
251,13,13,"Stop! Or My Mom Will Sleuth!","2023-02-26",2023,7,6,"When Louise is accused of a theft at school, Linda uses her position as school office volunteer to try and solve the case from the inside.",22,4121322
252,13,14,"These Boots Are Made for Stalking","2023-03-05",2023,7.3,6,"When the coolest teens she's ever seen start coming into the restaurant, Tina decides she needs to be just like them. Meanwhile, Gene and Louise get into a battle of wills over stinky socks.",22,4225932
253,13,15,"The Show (And Tell) Must Go On","2023-03-12",2023,7,7,"Louise brings Tina along on a mission to find the perfect item for her last-ever Show and Tell. Meanwhile, Teddy goes overboard trying to impress a date at the restaurant.",22,4262563
254,13,16,"What a (April) Fool Believes","2023-03-19",2023,7.9,7,"Mr. Fischoeder challenges Bob to successfully prank him on April Fool's Day, or lose his lease.",22,4273734
255,13,17,"Crows Encounters of the Bird Kind","2023-03-19",2023,6.9,7,"Tina drags Bob along on a desperate quest to earn her bird-watching badge for ThunderGirls. Meanwhile, Louise and Gene try to keep their new restaurant game a secret from Linda.",22,4273736
256,13,18,"Gift Card or Buy Trying","2023-04-16",2023,7.1,7,"When a customer leaves a $100 gift card as a tip, Bob, Linda and the kids go on a $20-each shopping spree, and Gene has an awkward run-in with a former friend.",22,4306823
257,13,19,"Crab-solutely Fabulous","2023-04-23",2023,6.5,8,"The kids become a part of a crustacean-themed wrestling show. Meanwhile, Linda tries to form a 21-day habit.",22,4341349
258,13,20,"Radio No You Didn't","2023-04-30",2023,6.8,6,"Bob tells Linda and the kids the story behind an old, broken radio that used to belong to his grandmother Alice and the part it played in her discovery that a German spy lived in her building.",22,4343375
259,13,21,"Mother Author Laser Pointer","2023-05-14",2023,6.9,7,"Linda almost totally accidentally kidnaps a children’s book author. Meanwhile, the kids help Mr. Frond try to get his cat out of a tree in front of the school.",22,4353800
260,13,22,"Amelia","2023-05-21",2023,7.9,7,"Louise takes a class assignment - and a few unhelpful comments by Wayne - very personally. And Bob hires a masseur-in-training to give Linda a massage for Mother's Day.",22,4353802
261,14,1,"Fight at the Not Okay Chore-ral","2023-10-01",2023,6.1,8,"When Linda and Bob suggest the kids do chores, the family ends up in a showdown.",22,4441463
262,14,2,"The Amazing Rudy","2023-10-08",2023,7.4,8,"Rudy attends an important dinner. The Belchers make an important casserole.",21,4650464
263,14,3,"The Pickleorette","2023-10-22",2023,7.2,5,"Bob and Linda help Gretchen throw her sister's bachelorette party. Meanwhile, Tina forces Gene and Louise to play a board game they found on the street.",22,4650462
264,14,4,"Running Down a Gene","2023-10-29",2023,7,6,"Gene tries to learn how to lucid dream in order to recover the world's most perfect song that he wrote while asleep. Meanwhile, Louise and Tina try to trap a cricket whose chirping is keeping Linda up at night.",22,4650461
265,14,5,"Bully-ieve It or Not","2023-11-05",2023,8,6,"The Belcher kids learn a secret about Zeke's past, while Bob rekindles his feud with Jimmy Pesto.",22,4650465
266,14,6,"Escape from Which Island?","2023-11-12",2023,7.5,4,"Mr. Fischoeder enlists Bob to be his personal chef for a glamping trip on his exclusive club's secret island. Meanwhile, Linda gives the kids a crash-course on cocktail party etiquette.",22,4650466
267,14,7,"The (Raccoon) King and I","2023-11-19",2023,7.7,6,"During a neighborhood block party, Linda makes a mistake that could threaten the life of her favorite alley raccoon.",21,4650467
268,14,8,"Wharf, Me Worry?","2023-11-26",2023,6.7,3,"During their special day at the wharf with Big Bob, the kids get into trouble with the Wharf's newest fortune-telling giant clam.",22,4650468
269,14,9,"Fraud of the Dead: Zombie-docu-pocalypse","2023-12-03",2023,7.6,5,"A documentary film profiling world class archer Louise Belcher is interrupted by unexpected visitors.",22,4650469
270,14,10,"The Nightmare 2 Days Before Christmas","2023-12-17",2023,7.7,3,"When the power goes out two days before Christmas, The Belchers must spend the holiday at Mr. Fischoeder's family's old hunting lodge.",21,4898493
271,14,11,"Mission Impossi-Bob","2024-01-07",2024,7.9,7,"Teddy gets stuck in an underground survival bunker, and he calls on Bob to find him and get him out.",22,4939490
272,14,12,"Jade in the Shade","2024-03-10",2024,7.6,5,"On a tour of the town's bootlegging history, Linda and Louise stumble into a treasure-hunting adventure. Meanwhile, Bob, Tina and Gene play host to a group of street performers looking to settle a beef.",22,5165370
273,14,13,"Butt Sweat and Fears","2024-05-19",2024,7.4,5,"Tina is determined to get some upper butt action at Chelsea's party, but in her attempts to dry off her nervous butt sweat, her skirt ends up stuck in the dryer. Meanwhile, Teddy tries to get in on the family's competition of building objects from the basement trash.",22,5192306
274,14,14,"The Big Stieblitzki","2024-09-08",2024,7.3,3,"When the family gets invited to Rudy's father's birthday party, they scramble to make him look better than Paul, who's trying to hit on Rudy's mother. Meanwhile, Tina attempts to convince a woman to commit to a relationship with Rudy's father.",22,5550632
275,14,15,"The Right Tough Stuff","2024-09-15",2024,7.7,3,"When Gayle tells the family she's sending in an audition tape to be on Tough Stuff Island, Linda is determined to make her tape boring to save her from being humiliated on a rejection reel. Bob struggles with his new electric grinder while the kids secretly attempt to make Gayle's tape more interesting.",22,5550635
276,14,16,"To Catch a Beef","2024-09-22",2024,7.3,3,"When Bosco goes to Bob needing to learn how to make a burger for an undercover mission to oust criminal and burger joint owner Vincent Balicki, it becomes obvious that the sergeant is severely lacking in cooking knowledge. As Bob's family constantly halts any progress in Bob's lessons, Bosco, still unseasoned, goes to his interview, only to meet with his potential criminal employer again back at Bob's Burgers for a spontaneous burger-making test.",22,5550639
277,15,1,"The Tina Table: The Tables Have Tina-Ed","2024-09-29",2024,8.2,4,"Tina attempts to save her school news segment by interviewing Mr. Frond about his revolutionary new computer game. Meanwhile, Bob and Linda entertain Teddy by making up the plots to popular horror movies they haven't seen.",22,5431064
278,15,2,"Saving Favorite Drive-In","2024-10-06",2024,8.7,3,"When the Belchers visit the local drive-in, Bob comes up with a plan to save the theater from closing. Meanwhile, Linda accidentally insults another mom while on a group text chain, and Louise and Gene hide from Tina after stealing some of her favorite candy.",22,5484010
279,15,3,"Colon-ly the Dronely","2024-10-20",2024,8,4,"Linda agrees to drive Teddy to pick up Kathleen from her colonoscopy after he accidentally injures himself. Meanwhile, the kids concoct a scheme to prank an overhead drone which is set to film the school from above.",21,5484012
280,15,4,"For Whom the Doll Toes","2024-10-27",2024,8.4,5,"It's a mystery within a mystery as Louise stages a murder mystery in a creepy old dollhouse store for reasons that she has trouble explaining.",22,5484018
281,15,5,"Don't Stop Be-Cheesin","2024-11-03",2024,8,4,"Louise trains Tina to be the last student standing during an all-out cheese throwing battle against the other eighth graders. Meanwhile, Bob and Teddy teach Linda how to successfully eavesdrop on customers' conversations without getting caught.",22,5550659
282,15,6,"Hope N' Mic Night","2024-11-10",2024,8.25,4,"The kids want to host an open mic night at the restaurant, but the hidden costs keep mounting and Bob worries that this night will ruin them.",22,5550662
283,15,7,"Boogie Days","2024-11-24",2024,8.25,4,"Bob's past comes back to haunt him when Louise signs up for a father-daughter boogie board contest.",22,5721644
284,15,8,"They Slug Horses, Don't They?","2024-12-08",2024,8.5,2,"Tina and Louise get into an argument that escalates across several graphic ""apology"" cards.",22,5783294
285,15,9,"Dog Christmas Day After Afternoon","2024-12-15",2024,9,2,"A family trip to see Christmas lights turns into a rescue mission, in more ways than one.",22,5783299
286,15,10,"Advice Things Are Ad-nice","2024-12-29",2024,9,2,"Tina becomes the new advice columnist for the school newspaper. Teddy takes on more than he can handle when he volunteers to build a float for the Bounty of the Bay Parade.",22,5832759
287,15,11,"Mr. Fischoeder's Opus","2025-05-18",2025,7,2,"When the Belchers' landlord, Mr. Fischoeder, offers them two months free rent in exchange for catering an important reception at his house, the family must do everything they can to ensure the event goes perfectly.",22,6170147
288,15,12,"Like a Candle in the Gym","2025-05-29",2025,7,2,"The Belchers run into Coach Blevins while on a family walk and find him selling sweat-scented candles, which Gene and Louise discover to be a cover for Blevins' scheme to sell sweat samples for DNA mining.",22,6182805
289,15,13,"Snackface","2025-06-05",2025,7.5,2,"Tina, Gene and Louise strike it rich in the illegal snack business at school, but the addition of a new member to their ""cartel"" threatens to destroy it.",22,6182808
290,15,14,"The Place Beyond the Pinecones","2025-06-12",2025,7,2,"Tina and the Thundergirls spend the night in the woods, and Tina faces something even scarier than her nemesis, Troop 257.",22,6243584
291,15,15,"The Lost City of Atlantic","2025-06-19",2025,7,2,"The Belchers have a wild night at a casino and Linda learns more about her late grandfather than she wanted to know.",22,6243585
292,15,16,"The Shell Game","2025-07-03",2025,7,2,"Bob competes in a Bachelor-style competition to inherit Mr. Fischoeder's 100-year-old giant tortoise.",22,6296192
293,15,17,"Wild Steal-ions","2025-07-10",2025,6.5,2,"Tina's lost book of semi-erotic Horse-torical Fiction lands in the hands of a mysterious stranger with nefarious intentions.",22,6330492
294,15,18,"Don't Worry, Be Hoopy","2025-07-17",2025,6.5,2,"Tina must confront her fear and her past when she advances to the County Finals of a national free throw competition.",22,6342697
295,15,19,"The Dead Bo-ats Society","2025-07-31",2025,7,2,"The kids explore a marine scrapyard in search of adventure, but the trip takes a dangerous turn.",22,6342698
296,15,20,"Dad-urday Kite Fever","2025-07-31",2025,7,2,"When Big Bob brings over a kite from Bob's childhood, Bob is determined to fly it with his kids. Meanwhile, Teddy seeks Linda's help in rehearsing for a play.",22,6376375
297,15,21,"Mr. Safebody","2025-08-07",2025,7,2,"Louise's schoolmate Arnold enlists her to direct a promotional video for his new bodyguarding business; a stolen car blasting 90's alternative rock is abandoned outside of the restaurant.",22,6376376
298,15,22,"InsomniBob","2025-08-14",2025,8,2,"Insomnia sends Bob on a creative spree in the kitchen, but at what cost?",22,6376377
299,16,1,"Grand Pre-Pre-Opening","2025-09-28",2025,8.3,3,"In the 300th episode, Bob can't decide whether to raise the prices as flashbacks occur to when Bob and Linda first opened the restaurant and Linda was pregnant with Tina.",21,6408988
300,16,2,"'Til Death Do Us Art","2025-10-05",2025,5,1,"Linda becomes concerned when Gayle turns her love life into a performance art piece.",21,6513875
301,16,3,"The Twinnening","2025-10-19",2025,6,2,"Teddy takes a handyman job next door to the restaurant and finds himself trapped inside a store full of spooky antiques.",21,6552617
302,16,4,"The Skids in the Hall","2025-10-26",2025,8,1,"Louise and Gene try to help Tina clear her name after she is fired as a Hall Monitor.",21,6555773
303,16,5,"The Secret Guardin'","2025-11-02",2025,8,1,"Tina, Gene, and Louise have a secret to keep from Linda, but their plan is jeopardized when Louise gets loopy from dental surgery.",21,6576755
304,16,6,"Get Her to the Zeke","2025-11-09",2025,8,1,"Tina tries to set up Zeke on a date while the rest of the Belchers contend with a Super Rat.",21,6595040
305,16,7,"Tube for Tina","2025-11-23",2025,6,1,"Linda has a strong reaction when Tina buys a tiny tube top. Meanwhile, Bob, Teddy, Louise and Gene deal with the consequences of a rare bird flying into the window of the restaurant.",22,6632779
306,16,8,"Les Lizárdables","2025-12-07",2025,7.5,2,"Gene and Courtney become embroiled in a complex custody battle over an injured lizard.",22,6632782
307,16,9,"It's a Stunter-ful Life","2025-12-14",2025,NA,0,"The kids get caught up in a stunt competition at a Christmas tree farm, while Bob decorates cookies for Santa and Linda tries to find every tree a home.",22,6632785
308,16,10,"Heist Things Are Heist","2025-12-28",2025,NA,0,"After winning a prestigious award, Bob faces a setback at the ceremony, and the kids team up with possible former jewel thief Vincent to put things right.",22,6670292
309,16,11,"Episode 11","2026-03-01",2026,NA,0,"",NA,6795961
