"episode_overall","season","episode","title","aired_date","year","rating","votes","synopsis","director","runtime","imdb_id"
1,1,1,"Human Flesh","09 Jan 2011",2011,7.7,2141,"On top of watching his dysfunctional family crumble around him, Bob faces the wrath of a jealous health inspector who cooks up a nasty rumor about the restaurant's choice of meat.","Anthony Chun","21 min","tt1645218"
2,1,2,"Crawl Space","16 Jan 2011",2011,8.1,1944,"His in-laws are coming into town, and Bob tries desperately to concoct a plan to avoid them for as long as he can. Unfortunately, Bob did not plan to get stuck in the recesses of the family restaurant.","Kyoung Hee Lim","30 min","tt1646300"
3,1,3,"Sacred Cow","23 Jan 2011",2011,NA,1601,"A filmmaker placed a cow outside the restaurant to make a statement, which angers Bob, but his family is confused over how he treats the cow.","Jennifer Coyle","22 min","tt1645219"
4,1,4,"Sexy Dance Fighting","13 Feb 2011",2011,7.4,1573,"When Tina develops a crush on the new martial arts instructor in town, she joins the class and ends up shirking her responsibilities at the restaurant. Bob finds out what's going on and decides to take matters into his own hands.","Anthony Chun","22 min","tt1645220"
5,1,5,"Hamburger Dinner Theater","20 Feb 2011",2011,7.5,1673,"Linda is dying to relive her dream of becoming a star on Broadway, so she decides to host a dinner theater at the restaurant. But on opening night a shocking surprise leaves Linda with a more chilling production than she planned for.","Wesley Archer","22 min","tt1841032"
6,1,6,"Sheesh! Cab, Bob?","06 Mar 2011",2011,NA,1726,"Bob takes a second job as a nighttime cab driver so he can give Tina the 13th birthday party she deserves, and he makes some surprising new friends along the ride.","Jennifer Coyle","22 min","tt1854660"
7,1,7,"Bed & Breakfast","13 Mar 2011",2011,NA,1445,"Linda gets really excited about opening a Bed and Breakfast to capitalize on the high volume of tourists coming into town, but when the guests start to arrive Louise senses espionage afoot.","Boo Hwan Lim","30 min","tt1854659"
8,1,8,"Art Crawl","20 Mar 2011",2011,7.9,1651,"Linda's eccentric sister Gayle comes to town intending to use the restaurant as a gallery for her paintings during this year's ""Art Crawl."" Bob is left totally oblivious the comically explicit nature of Gayle's artwork until it's ...","Kyoung Hee Lim","30 min","tt1857991"
9,1,9,"Spaghetti Western and Meatballs","27 Mar 2011",2011,7.6,1380,"Bob and Gene bond over spaghetti western movies, which makes Louise jealous.","Wesley Archer","22 min","tt1857992"
10,1,10,"Burger War","10 Apr 2011",2011,7.7,1318,"Bob's landlord has been understanding about the consistent delay in rent, but payment time has come. After getting wind of Bob's financial trouble, Jimmy Pesto faces-off against his mortal enemy by introducing burgers to his own m...","Boo Hwan Lim","30 min","tt1876671"
11,1,11,"Weekend at Mort's","08 May 2011",2011,NA,1383,"The family has to stay next door at Mort the Mortician's house since the restaurant is infested with mold. Bob and Linda double date with Mort and his mysterious Internet-girlfriend; while Tina entertains her siblings in the crema...","Anthony Chun","22 min","tt1905230"
12,1,12,"Lobsterfest","15 May 2011",2011,NA,1323,"Bob is likely the only person in town excited about the cancellation of this years ""Lobsterfest"" due to inclement weather. Bob strikes gold when he opens the restaurant regardless of the storm, and is celebrated by the masses.","Boo Hwan Lim","30 min","tt1919433"
13,1,13,"Torpedo","22 May 2011",2011,7.6,1321,"Bob is giddy as ever when his role model, minor league pitcher Torpedo Jones, gives a shout-out to the restaurant during a game, but is blind-sided upon finding out Torpedo endorses his burgers for reasons which are morally shaky ...","Kyoung Hee Lim","30 min","tt1928417"
14,2,1,"The Belchies","11 Mar 2012",2012,NA,1394,"The kids hunt for treasure in an abandoned taffy factory and Bob and Linda must find them before the factory's scheduled demolition.","Boo Hwan Lim, Kyoung Hee Lim","22 min","tt2273811"
15,2,2,"Bob Day Afternoon","18 Mar 2012",2012,NA,1529,"A bank robber holds up a bank across the street from Bob's Burgers. When the robbery goes awry, Bob finds himself at the center of a hostage crisis.","Wesley Archer","22 min","tt2020389"
16,2,3,"Synchronized Swimming","25 Mar 2012",2012,NA,1279,"The Belcher children sign up for an independent study of synchronized swimming in lieu on participating in gym class. Linda disturbingly watches ""pregnant yoga"" and comes to the rescue of her children in the end.","Anthony Chun","22 min","tt2303131"
17,2,4,"Burgerboss","01 Apr 2012",2012,8.2,1364,"Bob becomes a gamer.","Jennifer Coyle","22 min","tt2317497"
18,2,5,"Food Truckin'","15 Apr 2012",2012,7.8,1288,"Bob gives the food truck business a try.","Bernard Derriman","22 min","tt2340209"
19,2,6,"Dr. Yap","29 Apr 2012",2012,7.5,1270,"When a drugged Bob kisses Gayle thinking she's Linda, Gayle develops a crush on him.","Anthony Chun","22 min","tt2366089"
20,2,7,"Moody Foodie","06 May 2012",2012,NA,1256,"After a critic leaves the restaurant a bad review, Bob goes to drastic measures to get him to change his mind.","Boo Hwan Lim, Kyoung Hee Lim","22 min","tt2376081"
21,2,8,"Bad Tina","13 May 2012",2012,8,1313,"Tina pals around with a bad girl.","Jennifer Coyle","22 min","tt2386531"
22,2,9,"Beefsquatch","20 May 2012",2012,NA,1249,"Bob gets thrilled when he gets offered to be in a cookery segment in a local morning show. When Gene steps into the limelight, the audience is not entertained and enthralled by Bob's performance.","Wesley Archer","22 min","tt2394175"
23,3,1,"Ear-Sy Rider","30 Sep 2012",2012,NA,1210,"While a biker gang begins hanging out at the restaurant, Louise goes through a crisis after a teenager steals her bunny ear hat.","Anthony Chun","22 min","tt2393284"
24,3,2,"Full Bars","07 Oct 2012",2012,NA,1282,"On Halloween, the kids run into bullies when they go trick-or-treating in the rich neighborhood, while Bob and Linda attend a party where someone kills Teddy's pet guinea pig.","Boo Hwan Lim, Kyoung Hee Lim","22 min","tt2393286"
25,3,3,"Bob Fires the Kids","04 Nov 2012",2012,NA,1314,"Fearing that he is ruining their childhoods, Bob fires the kids from their jobs at the restaurant, but they just end up working for hippies who run a marijuana farm, instead.","Boo Hwan Lim, Kyoung Hee Lim","22 min","tt2483074"
26,3,4,"Mutiny on the Windbreaker","11 Nov 2012",2012,7.5,1166,"Bob brings the family along when he is hired to be a chef on a docked cruise ship, so they can see his skills outside the restaurant.","John Rice","22 min","tt2483078"
27,3,5,"An Indecent Thanksgiving Proposal","18 Nov 2012",2012,8.2,1171,"In order to entice an old flame who is only attracted to married men, Mr. Fischoeder bribes Bob into letting him pass off Linda and the kids as his own family, but the situation ruins all of Bob's Thanksgiving traditions.","Tyree Dillihay","22 min","tt2483080"
28,3,6,"The Deepening","25 Nov 2012",2012,7.8,1203,"Mr. Fischoeder buys a mechanical movie shark as an attraction for his amusement park, but the kids accidentally let it loose on the town, forcing Bob and Teddy to save the day.","Bernard Derriman","22 min","tt2511944"
29,3,7,"Tina-Rannosaurus Wrecks","02 Dec 2012",2012,8.3,1247,"Tina is wracked with guilt when Bob forces her to lie about an accident that occurred when he let her drive his car, but a shady insurance adjuster sees through their ploy and blackmails Bob into committing more insurance fraud.","Wesley Archer","22 min","tt2524708"
30,3,8,"The Unbearable Like-Likeness of Gene","09 Dec 2012",2012,7.7,1298,"An incredibly annoying girl develops a crush on Gene, but he can't bring himself to dump her after he finds out her father has a music studio in their home.","Don MacKinnon","22 min","tt2531550"
31,3,9,"Bob Rest Ye Merry Gentle-Mannequins","16 Dec 2012",2012,7.8,1207,"'Tis the season for strange holiday mannequins.","Anthony Chun","22 min","tt2531554"
32,3,10,"Mother Daughter Laser Razor","06 Jan 2013",2013,NA,1202,"Linda struggles to connect with Louise when they attend a mother-daughter seminar, while Bob takes Tina to get her legs waxed.","Jennifer Coyle","22 min","tt2579964"
33,3,11,"Nude Beach","13 Jan 2013",2013,NA,1150,"It's dingles and dongles and birthday suits.","Wesley Archer","24 min","tt2605340"
34,3,12,"Broadcast Wagstaff School News","27 Jan 2013",2013,NA,1299,"Tina is on a mission to unmask the middle school and Gene decides to dress up like Bob","Jennifer Coyle","22 min","tt2615854"
35,3,13,"My Fuzzy Valentine","10 Feb 2013",2013,NA,1080,"Bob gets romantic.","Boo Hwan Lim, Kyoung Hee Lim","22 min","tt2661986"
36,3,14,"Lindapendent Woman","17 Feb 2013",2013,7.8,1120,"Linda quits the restaurant and takes up a job at a grocery store.","Don MacKinnon","22 min","tt2677612"
37,3,15,"O.T.: The Outside Toilet","03 Mar 2013",2013,NA,1092,"Eugene encounters a mysterious talking toilet.","Anthony Chun, Bernard Derriman","22 min","tt2708068"
38,3,16,"Topsy","10 Mar 2013",2013,8.4,1230,"The Belcher kids take on a Thomas Edison fanatic.","Tyree Dillihay, Bernard Derriman","22 min","tt2733872"
39,3,17,"Two for Tina","17 Mar 2013",2013,NA,1126,"Tina finds herself in a love triangle.","Wesley Archer, Bernard Derriman","22 min","tt2735282"
40,3,18,"It Snakes a Village","24 Mar 2013",2013,NA,976,"Bob and the family take a swinging vacation.","Jennifer Coyle, Bernard Derriman","22 min","tt2735284"
41,3,19,"Family Fracas","14 Apr 2013",2013,7.3,1182,"The Belchers appear on a television game show.","Don MacKinnon, Bernard Derriman","22 min","tt2795748"
42,3,20,"The Kids Run the Restaurant","21 Apr 2013",2013,NA,1116,"When Linda takes Bob to the hospital after cutting his finger, the kids turn the basement into an underground casino.","Boo Hwan Lim, Kyoung Hee Lim, Bernard Derriman","22 min","tt2835026"
43,3,21,"Boyz 4 Now","28 Apr 2013",2013,NA,1339,"Louise is horrified when she develops her first crush.","Anthony Chun, Bernard Derriman","22 min","tt2835028"
44,3,22,"Carpe Museum","05 May 2013",2013,8.2,1176,"A school trip to the museum turns wild for the Belchers.","Tyree Dillihay, Bernard Derriman","22 min","tt2835032"
45,3,23,"The Unnatural","12 May 2013",2013,7.5,1079,"Gene loses his confidence after playing badly during a baseball game so Linda sends him to a baseball coach.","Wesley Archer, Bernard Derriman","22 min","tt2835034"
46,4,1,"A River Runs Through Bob","29 Sep 2013",2013,NA,1160,"Bob and the family face the great outdoors.","Jennifer Coyle","21 min","tt2531556"
47,4,2,"Fort Night","06 Oct 2013",2013,NA,1113,"Tricks and treats and lunatics abound.","Boo Hwan Lim, Kyoung Hee Lim, Bernard Derriman","22 min","tt3211834"
48,4,3,"Seaplane!","03 Nov 2013",2013,NA,1010,"Linda is bored by Bob's tired attempts at Date Night and decides to sign up for flying lessons. When Bob won't join her, she becomes the target of ""Upskirt Kurt"", the most charming pilot in the air.","Jennifer Coyle, Bernard Derriman","22 min","tt3280380"
49,4,4,"My Big Fat Greek Bob","10 Nov 2013",2013,7.5,1058,"Bob scores a temporary gig as a cook at an ""underdog"" frat house and discovers that he fits right in! Hijinks ensue as Bob and the rest of the fraternity brothers find themselves in the middle of a collegiate prank war that involv...","Don MacKinnon, Bernard Derriman","24 min","tt3304836"
50,4,5,"Turkey in a Can","24 Nov 2013",2013,8.3,1112,"Determined to have a perfect Thanksgiving, Bob meticulously prepares the family turkey. But, to his horror, he finds that someone then dumps the turkey in the toilet in an act of Thanksgiving sabotage.","Boo Hwan Lim, Kyoung Hee Lim, Bernard Derriman","22 min","tt3304838"
51,4,6,"Purple Rain-Union","01 Dec 2013",2013,NA,959,"Linda has an upcoming 25 year reunion at Cardinal Gennaro High. Debbie, chairman of the reunion, needs entertainment for the gala. Linda's old band, The Ta Tas, are not even her 3rd choice, but she asks Linda to round up the band:...","Tyree Dillihay, Bernard Derriman","21 min","tt3341538"
52,4,7,"Bob and Deliver","08 Dec 2013",2013,NA,968,"To Tina's delight, Bob becomes the substitute ""Home Ec"" teacher at her school and ends up creating a full-scale restaurant in the classroom. However, her excitement is short-lived as Bob's position causes father/daughter friction....","Don MacKinnon","22 min","tt3344302"
53,4,8,"Christmas in the Car","15 Dec 2013",2013,8.2,1219,"After spending Christmas Eve outrunning a candy cane truck with their last-minute tree, the Belchers find that Bob's friend gets caught in the kids' Santa trap.","Jennifer Coyle, Bernard Derriman","22 min","tt3379840"
54,4,9,"Slumber Party","05 Jan 2014",2014,NA,973,"Linda decides to invite some of Louise's classmates over for a slumber party without her knowledge. With the prospect of being forced to endure an entire night with people she hates, Louise devises a plan to get all the girls to b...","Jennifer Coyle, Bernard Derriman","22 min","tt3406076"
55,4,10,"Presto-Tina-o","12 Jan 2014",2014,NA,869,"Tina becomes a magician's assistant in order to get closer to Jimmy Jr., while Bob becomes the victim of a magician's ""curse.""","Chris Song, Bernard Derriman","21 min","tt3422500"
56,4,11,"Easy Com-mercial, Easy Go-mercial","26 Jan 2014",2014,7.5,847,"To compete with fellow ""restaurateur,"" Jimmy Pesto, and his blowout Super Bowl event, Bob is determined to create a Bob's Burgers commercial to air during the ""big game."" In an effort to outshine Pesto, the Belchers recruit Randy,...","Tyree Dillihay, Bernard Derriman","21 min","tt3457742"
57,4,12,"The Frond Files","09 Mar 2014",2014,8,931,"The Belcher children write fantasy essays about their school that their guidance counselor finds offensive.","Jennifer Coyle, Bernard Derriman","21 min","tt3550794"
58,4,13,"Mazel Tina","16 Mar 2014",2014,NA,940,"A series of mishaps leave Tina the center of attention at a classmate's Bat Mitzvah she wasn't invited to.","Brian LoSchiavo, Bernard Derriman","21 min","tt3560292"
59,4,14,"Uncle Teddy","23 Mar 2014",2014,NA,879,"Bob and Linda ask Teddy to babysit the kids while they're on a romantic getaway at a Burger Convention. In the process, Teddy earns the title ""Uncle Teddy"" when he puts Tina's crush in his place for using her to get free burgers.","Don MacKinnon, Bernard Derriman","21 min","tt3577570"
60,4,15,"The Kids Rob a Train","30 Mar 2014",2014,NA,898,"Bob, Linda, and the kids board a train for a wine tasting while the kids are put in the caboose. The kids sneak out in an attempt to steal the chocolate from the kitchen car while Bob challenges another person on the train to a co...","Boo Hwan Lim, Kyoung Hee Lim, Bernard Derriman","22 min","tt3634392"
61,4,16,"I Get Psychic Out of You","06 Apr 2014",2014,NA,796,"Linda is believed to be a psychic when she correctly predicts that a telemarketer is calling the restaurant.","Chris Song, Bernard Derriman","21 min","tt3620196"
62,4,17,"The Equestranauts","13 Apr 2014",2014,8.1,917,"In an homage to the ""Bronies"" subculture, Tina attends her first Equestra-con, a convention based on her favorite animated pony show, ""The Equestranauts."" To her surprise, she finds that the show's fans are middle-aged men (called...","Tyree Dillihay, Bernard Derriman","22 min","tt3636224"
63,4,18,"Ambergris","20 Apr 2014",2014,7.3,973,"Gene, Louise, and Tina discover a seaweed-covered object at the beach that turns out to be a large hunk of Ambergris - an extremely valuable, but illegal, by-product of whale poop that is used in high-end perfumes. But Louise trie...","Don MacKinnon, Bernard Derriman","21 min","tt3653426"
64,4,19,"The Kids Run Away","27 Apr 2014",2014,8.2,998,"Louise has a cavity, but also Dentist phobia. The family have to deal with it.","Boo Hwan Lim, Kyoung Hee Lim, Bernard Derriman","22 min","tt3674020"
65,4,20,"Gene It On","04 May 2014",2014,NA,836,"Tina tries out for cheerleading, but a spirited and enthusiastic spectator Gene makes more of an impression.","Chris Song, Bernard Derriman","21 min","tt3686090"
66,4,21,"Wharf Horse (or How Bob Saves/Destroys the Town - Part I)","11 May 2014",2014,NA,937,"Motivated by the promise of a new beachside burger joint, Bob conspires with Felix to convince Mr. Fischoeder to sell Wonder Wharf. Meanwhile, Tina protests the destruction of the wharf's carousel by chaining herself to it.","Brian LoSchiavo, Bernard Derriman","21 min","tt3686084"
67,4,22,"World Wharf II: The Wharfening (or How Bob Saves/Destroys the Town - Part II)","18 May 2014",2014,NA,1006,"It's Linda and the kids to the rescue when Felix takes desperate measures, and puts Bob and Mr. Fischoeder in danger.","Jennifer Coyle, Bernard Derriman","21 min","tt3686092"
68,5,1,"Work Hard or Die Trying, Girl","05 Oct 2014",2014,8.1,1007,"Gene tries to make one of his dreams a reality when he gets the opportunity to make a musical version of Die Hard at the Wagstaff Fall Festival.","Jennifer Coyle, Bernard Derriman","24 min","tt3918318"
69,5,2,"Tina and the Real Ghost","02 Nov 2014",2014,7.8,923,"Tina begins an out-of-this-world romance with a ghost that is believed to be living in the Belcher's basement.","Boo Hwan Lim, Kyoung Hee Lim, Bernard Derriman","22 min","tt4166422"
70,5,3,"Friends with Burger-fits","16 Nov 2014",2014,NA,797,"Bob becomes Teddy's workout buddy after finding out his burgers contributed to Teddy's bad health. The two enroll in a stuntman boot camp where their friendship is put to the test. Meanwhile, the kids make an ice rink in the freez...","Tyree Dillihay, Bernard Derriman","22 min","tt4193272"
71,5,4,"Dawn of the Peck","23 Nov 2014",2014,8.4,1136,"While Bob is boycotting the holiday, Linda and the kids spend Thanksgiving at the First Annual Fischoeder Turk-tacular Turkey Town Festival. However, a wild bird attack leads to total mayhem.","Tyree Dillihay, Bernard Derriman","22 min","tt4166424"
72,5,5,"Best Burger","30 Nov 2014",2014,NA,905,"Bob is in a ""best burger"" competition, but is at risk of losing when an important part of the burger is nowhere to be found.","Don MacKinnon, Bernard Derriman","21 min","tt4237506"
73,5,6,"Father of the Bob","07 Dec 2014",2014,NA,857,"At Bob's father's Christmas party, Bob and ""Big Bob"" rehash an old argument and try to outdo each other in the kitchen. Meanwhile, the kids compete to find the best gift for their dad.","Chris Song, Bernard Derriman","21 min","tt4226904"
74,5,7,"Tina Tailor Soldier Spy","14 Dec 2014",2014,NA,850,"After being pestered by the kids and a mistake by Gretchen, Linda decides to dye her hair full blonde. Meanwhile, when trying to quit the Thunder Girls Tina is asked to find a mole in the troop.","Don MacKinnon, Bernard Derriman","22 min","tt4278370"
75,5,8,"Midday Run","04 Jan 2015",2015,NA,823,"Tina gets Gene and Louise to help ensure she gets a big hall-monitor promotion.","Ian Hamilton, Bernard Derriman","22 min","tt4285094"
76,5,9,"Speakeasy Rider","11 Jan 2015",2015,NA,860,"Tina, Gene and Louise are ready to put the pedal to the metal when they join a go-kart league. Meanwhile, at the restaurant Bob and Teddy partner up to serve Teddy's home-brewed beer.","Jennifer Coyle, Bernard Derriman","21 min","tt4346964"
77,5,10,"Late Afternoon in the Garden of Bob and Louise","25 Jan 2015",2015,7.8,800,"In order to become a member of the community garden, Bob must give Louise's enemy a job.","Boo Hwan Lim, Kyoung Hee Lim, Bernard Derriman","22 min","tt4370928"
78,5,11,"Can't Buy Me Math","08 Feb 2015",2015,NA,739,"Tina and Darryl team up to win the Cupid's Couple contest; Linda plans Valentine's Day activities.","Tyree Dillihay, Bernard Derriman","22 min","tt4370950"
79,5,12,"The Millie-churian Candiate","15 Feb 2015",2015,NA,855,"Desperate to keep Millie from becoming class president and ruining the school, Tina and Louise volunteer to help run Jimmy Junior's campaign.","Don MacKinnon, Bernard Derriman","22 min","tt4393148"
80,5,13,"The Gayle Tales","01 Mar 2015",2015,7.8,912,"The kids compete to be their Aunt Gayle's companion for the evening.","Ian Hamilton, Bernard Derriman","22 min","tt4432866"
81,5,14,"L'il Hard Dad","08 Mar 2015",2015,7.5,822,"Bob becomes obsessed with his new automatic helicopter. When it falls apart for no reason, he enters into a battle with the manufacturer in order to receive a refund. Gene assists Bob in his quest, but things quickly get out of ha...","Chris Song, Bernard Derriman","22 min","tt4454882"
82,5,15,"Adventures in Chinchilla-sitting","15 Mar 2015",2015,NA,841,"Bob and Linda head out on the town for a date - but to Linda's dismay, Bob's idea of romance proves ""trivial."" Meanwhile, a wild chinchilla chase ensues after the school pet that Louis was charged with watching escapes out the fro...","Cecilia Aranovich, Bernard Derriman","22 min","tt4469004"
83,5,16,"The Runway Club","22 Mar 2015",2015,NA,858,"The kids try to escape Saturday detention so they can attend the Cotton Candy Festival.","Jennifer Coyle, Bernard Derriman","22 min","tt4483572"
84,5,17,"Itty Bitty Ditty Committee","26 Apr 2015",2015,7.6,811,"Gene is promptly kicked out of the band he formed with Tina, Louise, Rudy, Peter, and Daryl, and proclaims he is never going to play keyboard again.","Bernard Derriman","22 min","tt4570998"
85,5,18,"Eat, Spray, Linda","03 May 2015",2015,NA,948,"It's Linda's birthday and Bob needs more time to plan her birthday surprise. But when he sends her out of the house as a distraction, she goes missing. Mayhem ensues as the Belchers must work together to find Linda.","Tyree Dillihay, Bernard Derriman","22 min","tt4576552"
86,5,19,"Housetrap","10 May 2015",2015,8.6,944,"When a vicious storm strikes during the Belcher family's vacation at a beach house in Craggy Neck, they find themselves staying with the mysterious owner.","Jennifer Coyle, Bernard Derriman","23 min","tt4622310"
87,5,20,"Hawk & Chick","17 May 2015",2015,8.4,1005,"Bob and Louise are thrilled when they meet Hawk, the star of their favorite martial arts series, and are quick to offer help upon learning about his family troubles.","Tyree Dillihay, Bernard Derriman","21 min","tt4622318"
88,5,21,"The Oeder Games","17 May 2015",2015,NA,975,"With the threat of a rent increase on Ocean Avenue, Bob and the other tenants rebel. After approaching Fischoeder, the tenants find out that they will have to compete in order to convince him to keep their rents reasonable.","Don MacKinnon, Bernard Derriman","21 min","tt4622328"
89,6,1,"Sliding Bobs","27 Sep 2015",2015,NA,853,"When Bob starts to lose his hair, Linda reminisces about his mustache and how it made her fall for him; the kids make up their own versions of how Bob and Linda met.","Don MacKinnon, Bernard Derriman","24 min","tt4806434"
90,6,2,"The Land Ship","11 Oct 2015",2015,NA,745,"Bob thinks the upcoming Land Ship parade will increase business -- until he learns two porta-potties will be in front of his restaurant; Tina's friends tell her she is boring.","Jennifer Coyle, Bernard Derriman","22 min","tt5043080"
91,6,3,"The Hauntening","18 Oct 2015",2015,9.1,1579,"When Louise admits that she has never felt scared before, the family goes to a haunted house in an effort to change but mayhem ensues after their visit.","Jennifer Coyle, Bernard Derriman","22 min","tt5062580"
92,6,4,"Gayle Makin' Bob Sled","08 Nov 2015",2015,7.6,782,"Bob goes to pick up Gayle so she does not miss the Thanksgiving celebration, but gets caught in a snowstorm coming back, leaving Linda to prepare the turkey.","Tyree Dillihay, Bernard Derriman","21 min","tt5124542"
93,6,5,"Nice-Capades","15 Nov 2015",2015,NA,741,"A grumpy mall Santa threatens to put Gene, Tina and Louise on the naughty list, inspiring them to arrange a musical performance in hopes of changing Santa's mind before Christmas.","Chris Song, Bernard Derriman","21 min","tt5147222"
94,6,6,"The Cook, the Steve, the Gayle, & Her Lover","17 Jan 2016",2016,7.8,820,"When Bob throws a dinner party, Gayle takes advantage of the opportunity to introduce her new love interest to the family; a long-standing feud is revealed.","Tyree Dillihay, Bernard Derriman","22 min","tt5204516"
95,6,7,"The Gene and Courtney Show","14 Feb 2016",2016,NA,676,"Gene and Courtney are given the opportunity to be the new hosts of morning announcements, but their romantic history poses challenges; Tina's plan goes awry.","Chris Song, Bernard Derriman","21 min","tt5352800"
96,6,8,"Sexy Dance Healing","21 Feb 2016",2016,NA,684,"Bob must take legal action after he slips on the sidewalk and needs to pay for surgery; Jairo promises to heal Bob without doctors; the kids fake a law firm.","Bernard Derriman, Chris Song","21 min","tt5461660"
97,6,9,"Sacred Couch","06 Mar 2016",2016,7.2,860,"Louise wants the family to get a new couch, but the family votes against it. So she decides to take care of the problem herself.","Brian LoSchiavo, Bernard Derriman","21 min","tt5527708"
98,6,10,"Lice Things Are Lice","13 Mar 2016",2016,NA,706,"When Tina volunteers alongside Nurse Liz, she finds herself involved in the biggest scandal to hit Wagstaff: a lice infestation. Meanwhile, Bob makes improvements to the restaurant that end up driving customers away. Can the Belch...","Brian LoSchiavo, Bernard Derriman","21 min","tt5509096"
99,6,11,"House of 1000 Bounces","03 Apr 2016",2016,NA,769,"The Belcher kids hop into action after news of a bounce house crisis at a birthday party; Bob encounters a guest at the restaurant, fixing him to face a fear.","Tyree Dillihay, Bernard Derriman","22 min","tt5555436"
100,6,12,"Stand by Gene","03 Apr 2016",2016,NA,824,"When Gene overhears talk about a mystical creature that lives nearby, he leads the Belcher kids and their friends on a journey to find it. Meanwhile, Linda's competitive nature takes over during downtime at the restaurant.","Tyree Dillihay, Bernard Derriman","22 min","tt5587988"
101,6,13,"Wag the Hog","10 Apr 2016",2016,7.5,758,"The Belchers try to help Bob's friend, Critter, after he lands in jail for unpaid parking tickets; Linda takes a job as a babysitter.","Brian LoSchiavo, Bernard Derriman","22 min","tt5587990"
102,6,14,"The Hormone-iums","17 Apr 2016",2016,NA,731,"Tina gets her wish for Wagstaff fame, but soon regrets it. Linda pursues an improbable business venture, but struggles to get it off the ground.","Chris Song, Bernard Derriman","21 min","tt5606452"
103,6,15,"Pro Tiki/Con Tiki","24 Apr 2016",2016,NA,750,"Bob's friend Warren comes to visit and makes an offer to invest in the restaurant; Bob is hesitant when he finds out about Warren's interior design ideas.","Brian LoSchiavo, Bernard Derriman","22 min","tt5623906"
104,6,16,"Bye Bye Boo Boo","08 May 2016",2016,NA,821,"Louise enters a contest with the hopes that Tina will get to meet Boo Boo from Boyz 4 Now; Bob learns more about the history of the restaurant.","N/A","22 min","tt5662168"
105,6,17,"The Horse Rider-er","15 May 2016",2016,NA,760,"Tina manages to convince her parents to send her to horse camp; but in doing so, she realizes she must end her relationship with her imaginary horse, Jericho.","Tyree Dillihay, Bernard Derriman","23 min","tt5662170"
106,6,18,"Secret Admiral-irer","22 May 2016",2016,NA,748,"Tina's ideas of love and romance are tested when she volunteers at a nursing home to earn her next Thunder Girls badge. Meanwhile, Bob makes new friends who lead him to make some questionable choices.","Brian LoSchiavo, Bernard Derriman","22 min","tt5662172"
107,6,19,"Glued, Where's My Bob?","22 May 2016",2016,9,1311,"The Belcher children are involved in a goop war prank that takes place on the same day that a journalist is visiting the restaurant to write a profile.","Bernard Derriman","22 min","tt5662174"
108,7,1,"Flu-ouise","25 Sep 2016",2016,8.1,1063,"Louise comes down with the flu and falls into a wild fever dream filled with familiar faces, zany musical numbers and a crazy adventure.","Tyree Dillihay, Bernard Derriman","23 min","tt5096560"
109,7,2,"Sea Me Now","09 Oct 2016",2016,NA,843,"Teddy tries to impress his ex-wife by organizing a day trip on his newly refurbished boat; Tina attempts to prove she's responsible enough to have a cellphone by taking care Bob's prized eraser.","Chris Song, Bernard Derriman","21 min","tt6104384"
110,7,3,"Teen-a-Witch","23 Oct 2016",2016,7.6,755,"When Tammy steals her idea for winning the annual Halloween costume contest, Tina turns to witchcraft.","Chris Song, Bernard Derriman","21 min","tt6114346"
111,7,4,"They Serve Horses, Don't They?","06 Nov 2016",2016,NA,781,"The Belchers find themselves involved in a full-blown investigation when Bob secures a new meat provider who claims to save money on every order.","Tyree Dillihay, Bernard Derriman","21 min","tt6146960"
112,7,5,"Larger Brother, Where Fart Thou?","20 Nov 2016",2016,8,803,"Gene and Louise are left home alone when Tina ends up in detention, while Bob and Linda get into trouble with their accountant.","Chris Song, Bernard Derriman","21 min","tt6190702"
113,7,6,"The Quirk-ducers","20 Nov 2016",2016,NA,803,"The Belcher kids produce their own version of the annual Thanksgiving play and Linda finds a potato that resembles her late grandfather.","Mauricio Pardo, Bernard Derriman","21 min","tt6190772"
114,7,7,"The Last Gingerbread House on the Left","27 Nov 2016",2016,NA,868,"Bob gets involved in a gingerbread house competition with Mr. Fischoeder and his friends while Linda, Teddy and the kids spread Christmas cheer through caroling.","Chris Song, Bernard Derriman","21 min","tt6213826"
115,7,8,"Ex Mach Tina","08 Jan 2017",2017,NA,810,"After hurting her ankle, Tina enrolls in a program that enables her send a robot of herself to school and the robot gives her an unexpected breakthrough with Jimmy Jr.","Brian LoSchiavo, Bernard Derriman","21 min","tt6119178"
116,7,9,"Bob Actually","12 Feb 2017",2017,NA,995,"With Valentine's Day around the corner, the kids find themselves in love-caused chaos and Bob comes up with a romantic gesture to impress Linda.","Chris Song, Bernard Derriman","22 min","tt6405378"
117,7,10,"There's No Business Like Mr. Business Business","19 Feb 2017",2017,NA,732,"Bob is skeptical about Gayle's cat Mr. Business having a career in showbiz, until it looks like the cat could have his big break.","Tyree Dillihay, Bernard Derriman","21 min","tt6467848"
118,7,11,"A Few 'Gurt Men","05 Mar 2017",2017,8.1,795,"Louise finds herself in a predicament when she is told that she will be representing one of her biggest enemies at Wagstaff during a mock-trial.","Tyree Dillihay, Bernard Derriman","21 min","tt6545324"
119,7,12,"Like Gene for Chocolate","12 Mar 2017",2017,NA,681,"Gene learns that the formula for his favorite chocolate has changed, so he works with the head of the company to fix the problem. In the meantime, Bob gets wrapped up in one of Teddy's not-so-perfect plans.","Brian LoSchiavo, Bernard Derriman","21 min","tt6540330"
120,7,13,"The Grand Mama-Pest Hotel","19 Mar 2017",2017,NA,651,"Linda chaperones Tina's weekend at a heroine convention, while Gene and Louise spend the weekend with Bob.","Chris Song, Bernard Derriman","21 min","tt6570836"
121,7,14,"Aquaticism","26 Mar 2017",2017,NA,741,"The Belcher kids hatch a plan to save the aquarium from closure, while Bob learns a few things about Linda's customer service skills.","Brian LoSchiavo, Bernard Derriman","21 min","tt6597072"
122,7,15,"Ain't Miss Debatin'","26 Mar 2017",2017,8,722,"Tina is recruited for the debate team, while Gene and Louise make a stop motion film centered on a surprising subject matter.","Mauricio Pardo, Bernard Derriman","21 min","tt6597076"
123,7,16,"Eggs for Days","02 Apr 2017",2017,8.2,683,"At the annual Easter egg hunt, Bob and Linda have a little too much fun hiding the eggs, so the Belchers race to find the one egg rotting in its hiding place.","Brian LoSchiavo, Bernard Derriman","21 min","tt6631398"
124,7,17,"Zero Larp Thirty","23 Apr 2017",2017,NA,648,"Linda wins a contest to spend a weekend at the home where her favorite TV show is filmed, but it doesn't quite go as planned.","Tyree Dillihay, Bernard Derriman","21 min","tt6715452"
125,7,18,"The Laser-inth","23 Apr 2017",2017,NA,778,"Bob and Gene go to the last-ever rock-and-roll laser show at the planetarium while Linda and the girls go out to dinner at a wacky restaurant.","Mauricio Pardo, Bernard Derriman","21 min","tt6733190"
126,7,19,"Thelma & Louise Except Thelma Is Linda","30 Apr 2017",2017,NA,795,"Linda could lose her position as the leader of the Wagstaff bake sale when Louise gets in trouble at school.","Brian LoSchiavo, Bernard Derriman","21 min","tt6733194"
127,7,20,"Mom, Lies and Videotapes","07 May 2017",2017,NA,687,"Linda catches a cold just before the Mother's Day show at Wagstaff.","Chris Song, Bernard Derriman","21 min","tt6733202"
128,7,21,"Paraders of the Lost Float","21 May 2017",2017,NA,715,"Teddy talks Bob into entering the Bog to Beach parade even though the forecast calls for rain.","Bernard Derriman","21 min","tt6733206"
129,7,22,"Into the Mild","11 Jun 2017",2017,NA,744,"Bob realizes his dream of being an outdoorsman when the wilderness equipment store has a going out of business sale; Linda and the kids spend the night watching Aunt Gayle rehearse for her one-woman show.","Tyree Dillihay, Bernard Derriman","21 min","tt6733212"
130,8,1,"Brunchsquatch","01 Oct 2017",2017,7.8,1012,"Bob decides to serve brunch to compete with Jimmy Pesto; the Belcher kids help Mr. Fischoeder's brother hide from him.","Ian Hamilton, Mauricio Pardo, Bernard Derriman","22 min","tt6993092"
131,8,2,"The Silence of the Louise","15 Oct 2017",2017,NA,791,"Louise enlists Millie's help to find the culprit who attacked Mr. Frond's therapy dolls.","Chris Song, Bernard Derriman","21 min","tt7437468"
132,8,3,"The Wolf of Wharf Street","22 Oct 2017",2017,NA,679,"On Halloween night, Linda tries to impress the kids by taking them to look for a wolf that has been terrorizing the town. Meanwhile, an injured and medicated Bob believes that Teddy has turned into a werewolf.","Mauricio Pardo, Bernard Derriman","22 min","tt7437454"
133,8,4,"Sit Me Baby One More Time","05 Nov 2017",2017,7.8,745,"Tina starts a babysitting franchise that goes off the rails when Tammy is hired to work with her.","Brian LoSchiavo, Bernard Derriman","22 min","tt7542490"
134,8,5,"Thanks-hoarding","19 Nov 2017",2017,7.8,750,"The Belchers discover that Teddy is a secret hoarder when they reluctantly agree to pitch in for Thanksgiving with his family.","Bernard Derriman, Tyree Dillihay","22 min","tt7585872"
135,8,6,"The Bleakening","10 Dec 2017",2017,8.3,1008,"Linda wants to add some extra cheer to the holidays by throwing a holiday party. After her ornaments are stolen, Linda interrogates her guests. The children think it was ""The Bleaken"".","Bernard Derriman, Brian LoSchiavo, Chris Song","45 min","tt7635808"
136,8,7,"V for Valentine-detta","14 Jan 2018",2018,8.2,845,"Tina has a rough break up on Valentine's Day, so Linda and Louise take her on a girls' night out, while Bob and Gene have a trapeze experience that brings them closer.","Bernard Derriman, Ian Hamilton","22 min","tt7733366"
137,8,8,"Y Tu Ga-Ga Tambien","11 Mar 2018",2018,NA,638,"Gene disapproves of a new playground game; Linda fills in for the local library storyteller.","Bernard Derriman, Brian LoSchiavo","21 min","tt7852806"
138,8,9,"The Secret Ceramics Room of Secrets","18 Mar 2018",2018,NA,590,"The kids are tasked with giving their grandma homemade gifts for her birthday and set out to find a secret ceramics room that, according to urban legend, has been boarded up for years.","Bernard Derriman, Tyree Dillihay","21 min","tt8045718"
139,8,10,"Sleeping with the Frenemy","25 Mar 2018",2018,7.5,655,"Tina allows Tammy to stay with the Belchers during Spring Break and fixes her up with a boy from out of town.","Bernard Derriman, Brian LoSchiavo","22 min","tt8075308"
140,8,11,"The Hurt Soccer","01 Apr 2018",2018,NA,631,"The Belchers sign Louise up for a soccer league and must help her train for the last game of the season.","Bernard Derriman, Damon Wong","22 min","tt8110994"
141,8,12,"Cheer Up Sleepy Gene","08 Apr 2018",2018,7.6,673,"Gene is nervous about going to his first sleepover and realizes he had a right to be when things don't go as planned.","Bernard Derriman, Tyree Dillihay","21 min","tt8174214"
142,8,13,"The Trouble with Doubles","15 Apr 2018",2018,NA,689,"Bob and Linda get trapped in an Escape Room while on a double date with another couple. Meanwhile, Louise hosts a zombie-movie night, but Tina takes charge when the zombies prove to be too scary.","Bernard Derriman, Ian Hamilton","21 min","tt8254030"
143,8,14,"Go Tina on the Mountain","22 Apr 2018",2018,NA,635,"Tina befriends a hermit living in the woods when she, Gene and Louise go to Outdoor Education; Bob and Linda see what it's like to be empty-nesters.","Bernard Derriman, Tyree Dillihay","22 min","tt8254032"
144,8,15,"Are You There Bob? It's Me, Birthday","29 Apr 2018",2018,7.7,574,"Linda and the kids try to put together a last-minute surprise party when they forget Bob's birthday, but to do so, Linda asks Hugo to take Bob with him on his restaurant health inspections.","Bernard Derriman, Tyree Dillihay","22 min","tt8012166"
145,8,16,"Boywatch","06 May 2018",2018,7.4,560,"Tina joins the Junior Lifeguards, but she struggles with the training, prompting one of her fellow junior guards to try and make her quit.","Bernard Derriman, Mauricio Pardo","22 min","tt8259880"
146,8,17,"As I Walk Through the Alley of the Shadow of Ramps","13 May 2018",2018,7.7,669,"Louise gets into a turf war with a juice truck owner trying to set up shop in the Belcher's alley; Linda realizes she can't always come to her sister's defense.","Bernard Derriman, Chris Song","21 min","tt8259884"
147,8,18,"Mo Mommy Mo Problems","13 May 2018",2018,NA,652,"On Mother's Day, the Belchers wind up in a real estate scheme when attend open houses for free food and Linda meets a charming real estate agent.","Bernard Derriman, Ian Hamilton","22 min","tt8259896"
148,8,19,"Mission Impos-Slug-Ble","20 May 2018",2018,NA,630,"Louise devises a plan to get her extensive Burobu card collection back after it's confiscated at school.","Bernard Derriman, Chris Song","22 min","tt8259898"
149,8,20,"Something Old, Something New, Something Bob Caters for You","20 May 2018",2018,NA,733,"The Belchers cater a wedding for a couple who fell in love at the restaurant.","Chris Song, Bernard Derriman","22 min","tt8259902"
150,9,1,"Just One of the Boyz 4 Now for Now","30 Sep 2018",2018,7.6,915,"Convinced she's met the love of her life, Tina decides to disguise herself as a boy and sneak into the Boyz 4 Now auditions to find him. Back at the restaurant, Teddy asks the rest of the Belcher gang to nurse his baby rat back to...","Bernard Derriman, Tony Gennaro, Ian Hamilton","22 min","tt8407530"
151,9,2,"The Taking of Funtime One Two Three","07 Oct 2018",2018,8.5,730,"With help from Mr. Fischoeder, the Belcher kids devise a master plan to win the grand prize dune buggy at their local arcade; Teddy promises Bob and Linda fresh eggs if they take in a chicken.","Bernard Derriman, Chris Song","22 min","tt8651752"
152,9,3,"Tweentrepreneurs","14 Oct 2018",2018,7.7,694,"Tina, Louise, and Gene get a taste of business when they join the school's Tweentrepeneurs club. Back at the restaurant, Bob and Linda find themselves outsmarted by a dine-and-dasher.","Ryan Mattos, Bernard Derriman, Tony Gennaro","22 min","tt8651754"
153,9,4,"Nightmare on Ocean Avenue Street","21 Oct 2018",2018,NA,744,"The Belcher kids set out to find the culprit who's snatching everyone's candy bags on Halloween night. Meanwhile, Teddy gets carried away when he decorates the restaurant to compete with another handyman on the street.","Bernard Derriman, Tony Gennaro, Tyree Dillihay","22 min","tt8651756"
154,9,5,"Live and Let Fly","04 Nov 2018",2018,7.4,543,"The Belcher kids' revenge plan against the school counselor gets them involved in a sibling rivalry between two pilots. Meanwhile Teddy invites Bob and Linda to a paper airplane contest.","Bernard Derriman, Tony Gennaro, Chris Song","22 min","tt8651758"
155,9,6,"Bobby Driver","11 Nov 2018",2018,8.1,759,"Bob drives a professional quilter around town when she talks him into joining her revenge plot; the kids attend a Gatsby-themed birthday party; Linda helps Teddy expand his taste palate.","Bernard Derriman, Tony Gennaro, Ryan Mattos","22 min","tt8651762"
156,9,7,"I Bob Your Pardon","18 Nov 2018",2018,NA,702,"The Belchers try to save a turkey from the slaughterhouse.","Chris Song, Bernard Derriman, Tony Gennaro","22 min","tt8651764"
157,9,8,"Roller? I Hardly Know Her!","25 Nov 2018",2018,NA,563,"Gene is upset with his best friend ditching him for Courtney as a roller-dancing partner; Teddy, Linda and Bob discover someone stalking the restaurant.","Kevin Wotton, Bernard Derriman, Tony Gennaro","22 min","tt8651766"
158,9,9,"UFO No You Didn't","02 Dec 2018",2018,NA,596,"Tina and her new science partner create a device that allows them to communicate with aliens, but their excitement turns to fear when they receive a dangerous warning message. Meanwhile, Bob attempts to sell mini coat racks he bou...","Tyree Dillihay, Bernard Derriman, Tony Gennaro","22 min","tt8651768"
159,9,10,"Better Off Sled","09 Dec 2018",2018,8.1,704,"The Belcher kids get into a turf war with teenagers who take their usual sledding territory; Bob tries to help Linda knit three scarves before Christmas.","Bernard Derriman, Tony Gennaro, Ian Hamilton","22 min","tt8651770"
160,9,11,"Lorenzo's Oil? No, Linda's","06 Jan 2019",2019,NA,636,"Linda's new friend introduces her to essential oils and Aunt Gayle is convinced she must be rescued. Meanwhile, Bob and Teddy are bamboozled into performing a series of annoying favors for Mr. Huggins.","Chris Song, Bernard Derriman, Tony Gennaro","22 min","tt9413680"
161,9,12,"The Helen Hunt","13 Jan 2019",2019,NA,686,"The Belchers help Teddy find his dream girl, but Tina believes she's found a better match for him.","Ryan Mattos, Bernard Derriman, Tony Gennaro","22 min","tt9402196"
162,9,13,"Bed, Bob & Beyond","10 Feb 2019",2019,7.2,729,"A Valentine's Day fight between Bob and Linda has the kids feeling confused. After a failed attempt to see a movie, it's up to Tina, Louise and Gene to tell their own story as a distraction from the awkward tension.","Bernard Derriman, Tony Gennaro, Ian Hamilton","21 min","tt9413706"
163,9,14,"Every Which Way But Goose","17 Feb 2019",2019,NA,625,"Tina, discouraged by not being asked to prom by Jimmy Jr., forms an unhealthy attachment to a goose from the nearby park. Meanwhile, Linda joins a dating app to help Gretchen find a match.","Kevin Wotton, Bernard Derriman, Tony Gennaro","22 min","tt9413734"
164,9,15,"The Fresh Princ-ipal","03 Mar 2019",2019,8.1,619,"Things get out of hand when Louise wins a contest to be Principal for a Day. Meanwhile, Teddy attempts to help Bob when he suddenly finds himself unable to flip burgers.","Bernard Derriman, Tyree Dillihay","22 min","tt9413736"
165,9,16,"Roamin' Bob-iday","10 Mar 2019",2019,7.9,608,"Bob winds up working at a local sandwich shop when the family forces him to take a day off; a last-minute baby shower is thrown for a female biker group.","Bernard Derriman, Ian Hamilton","22 min","tt9667904"
166,9,17,"What About Blob?","17 Mar 2019",2019,NA,525,"Gene convinces Tina and Louise to help him save a misunderstood plankton blob from being destroyed by a yacht club.","Bernard Derriman, Chris Song","21 min","tt9667920"
167,9,18,"If You Love It So Much, Why Don't You Marionette?","24 Mar 2019",2019,NA,615,"On a school field trip, the kids visit a marionette theater, where Louise gets on the owner's bad side; Bob takes pity on a guy handing out flyers outside the restaurant.","Ryan Mattos, Bernard Derriman","22 min","tt9667930"
168,9,19,"Long Time Listener, First Time Bob","07 Apr 2019",2019,NA,494,"The Belchers get in over their heads when they try to help Bob's personal hero, a renegade radio DJ, make a comeback.","Ian Hamilton, Bernard Derriman","22 min","tt9667942"
169,9,20,"The Gene Mile","28 Apr 2019",2019,7.7,593,"The kids plan to sneak away from a mandatory mile for school on free-ice-cream-day; Bob and Linda try to get discount tickets to a show at the Wharf Arts Center.","Tyree Dillihay, Bernard Derriman, Tony Gennaro","22 min","tt10093054"
170,9,21,"P.T.A It Ain't So","05 May 2019",2019,7.3,585,"Linda joins the P.T.A.; Bob tries to cheer up a hardware store owner whose pet parrot flew away.","Ian Hamilton, Bernard Derriman, Tony Gennaro","22 min","tt10093058"
171,9,22,"Yes Without My Zeke","12 May 2019",2019,7.5,567,"The Belcher kids and Jimmy Jr. try to help Zeke when he gets into trouble, but Tina wants Jimmy Jr.'s butt all to herself; Randy rents out Bob's Burgers to shoot an independent short film.","Bernard Derriman, Tony Gennaro, Chris Song","22 min","tt10093064"
172,10,1,"The Ring (But Not Scary)","29 Sep 2019",2019,8.2,642,"The kids get involved in Bob's plan to surprise Linda for their anniversary.","Bernard Derriman, Tony Gennaro, Mario D'Anna Jr.","21 min","tt9771048"
173,10,2,"Boys Just Wanna Have Fungus","06 Oct 2019",2019,NA,656,"Bob and Gene try to acquire a rare mushroom for a Burger of the Day; Tina thinks her new prescription glasses have given her a superpower.","Ryan Mattos, Bernard Derriman, Tony Gennaro","21 min","tt10680742"
174,10,3,"Motor, She Boat","13 Oct 2019",2019,NA,630,"Bob and Tina participate in a father-daughter cardboard boat race; Linda takes Gene and Louise to a fire station open house.","Tom Riggin, Bernard Derriman, Tony Gennaro","21 min","tt10750116"
175,10,4,"Pig Trouble in Little Tina","20 Oct 2019",2019,NA,682,"Things get spooky when Tina dissects a fetal pig in science class; Bob and Linda battle a giant ball of earwax.","Chris Song, Bernard Derriman, Tony Gennaro","22 min","tt10750120"
176,10,5,"Legends of the Mall","03 Nov 2019",2019,7.7,637,"On a trip to the mall, Tina is mistaken for someone's girlfriend, Gene and Louise are turned loose on motorized animals, Linda disrupts a book reading and Bob shops for acceptable pants.","Matthew Long, Bernard Derriman, Tony Gennaro","22 min","tt11096572"
177,10,6,"The Hawkening: Look Who's Hawking Now","10 Nov 2019",2019,7.2,600,"Bob and Louise host an exclusive screening of a ""Hawk and Chick"" movie at the restaurant, but the actor who plays Hawk throws a wrench into their plans for mysterious reasons.","Bernard Derriman, Tony Gennaro, Mario D'Anna Jr.","21 min","tt10769006"
178,10,7,"Land of the Loft","17 Nov 2019",2019,NA,615,"Bob and Linda attend a loft party on a stormy night while the kids challenge their babysitter and face the storm in an ice cream truck.","Bernard Derriman, Tony Gennaro, Tom Riggin","21 min","tt10779038"
179,10,8,"Now We're Not Cooking with Gas","24 Nov 2019",2019,NA,584,"Bob is willing to do whatever it takes to cook a rare, heritage turkey when the gas goes out on Thanksgiving.","Ryan Mattos, Bernard Derriman, Tony Gennaro","22 min","tt10779028"
180,10,9,"All That Gene","01 Dec 2019",2019,6.8,590,"Gene auditions for a small role in a local theater production, then discovers that Linda talked the director into giving him the part.","Matthew Long, Bernard Derriman, Tony Gennaro","22 min","tt11254406"
181,10,10,"Have Yourself a Maily Linda Christmas","15 Dec 2019",2019,NA,481,"Linda works a temp job at the post office to make extra money for the holidays; Bob and Tina get stuck at home with Linda's family; Gene and Louise try to find the perfect gift for Tina.","Chris Song, Bernard Derriman, Tony Gennaro","21 min","tt11282118"
182,10,11,"Drumforgiven","12 Jan 2020",2020,NA,583,"Louise comes to Gene's defense when he gets kicked out of the Ocean Avenue Hifi Emporium.","Bernard Derriman, Tony Gennaro, Mario D'Anna Jr.","22 min","tt11282120"
183,10,12,"A Fish Called Tina","16 Feb 2020",2020,7.4,575,"Tina tries too hard to be a perfect mentor; Bob and Linda visit the gym next door.","Bernard Derriman, Tony Gennaro, Ryan Mattos","22 min","tt11282122"
184,10,13,"Three Girls and a Little Wharfy","23 Feb 2020",2020,7.4,572,"In spite of her skepticism, Louise joins the search for a mythic sea monster; Bob takes a famous chef's online master class.","Bernard Derriman, Tony Gennaro, Tom Riggin","21 min","tt11282128"
185,10,14,"Wag the Song","01 Mar 2020",2020,7.2,556,"Tina competes with Gene and Louise to write a new school song for Wagstaff; Jimmy Pesto's new steel awning creates a blinding glare for Bob and Linda.","Chris Song, Bernard Derriman, Tony Gennaro","21 min","tt11282132"
186,10,15,"Flat-Top O' the Morning to Ya","15 Mar 2020",2020,7.2,394,"Bob and the kids help a down-on-his-luck restaurant owner while Linda and Teddy celebrate St. Patrick's Day.","Ryan Mattos, Bernard Derriman, Tony Gennaro","21 min","tt11282138"
187,10,16,"Yurty Rotten Scoundrels","08 Mar 2020",2020,7,556,"Linda goes to Gayle's artists' workshop in a yurt; Louise and Gene search for a lost cat to collect a cash reward.","Bernard Derriman, Tony Gennaro, Tom Riggin","21 min","tt11282144"
188,10,17,"Just the Trip","22 Mar 2020",2020,NA,555,"The Belchers go on a road trip with Nat the limo driver.","Chris Song, Bernard Derriman, Tony Gennaro","21 min","tt11282148"
189,10,18,"Tappy Tappy Tappy Tap Tap Tap","19 Apr 2020",2020,NA,422,"Tina suspects sabotage when Josh gets injured on-stage in a tap show.","Bernard Derriman, Tony Gennaro, Ryan Mattos","22 min","tt11976590"
190,10,19,"The Handyman Can","26 Apr 2020",2020,NA,501,"The Belcher kids try to help Teddy when he doubts his abilities as a handyman.","Bernard Derriman, Tony Gennaro, Tom Riggin","21 min","tt11976610"
191,10,20,"Poops!... I Didn't Do It Again","03 May 2020",2020,NA,612,"Louise must confront her fear of pooping in public on an overnight school trip to the aquarium; Linda enlists the rest of the family to make a video for her parents' anniversary.","Bernard Derriman, Tony Gennaro, Chris Song","21 min","tt11976654"
192,10,21,"Local She-ro","10 May 2020",2020,NA,528,"Linda ends up on the trail of a legendary local singer while showing Tina what's great about their town; Teddy asks Bob for help arguing with a sports radio host.","Bernard Derriman, Tony Gennaro, Ryan Mattos","21 min","tt11976698"
193,10,22,"Prank You for Being a Friend","17 May 2020",2020,7.6,561,"Louise gives a classmate lessons on pulling pranks; Bob is reluctant to bring Jimmy Pesto his hernia medication.","Bernard Derriman, Tony Gennaro, Tom Riggin","21 min","tt11976736"
194,11,1,"Dream a Little Bob of Bob","27 Sep 2020",2020,7.6,629,"Bob goes on a quest to find a misplaced key to a lock box; Tina tries to learn a hand-slapping song that everyone else can do.","Simon Chong, Tony Gennaro","21 min","tt11754086"
195,11,2,"Worms of In-Rear-Ment","04 Oct 2020",2020,NA,622,"A pinworm epidemic thwarts Linda's attempt to take the family to the symphony on free admission night.","Bernard Derriman, Tony Gennaro, Chris Song","22 min","tt13056198"
196,11,3,"Copa-Bob-Bana","11 Oct 2020",2020,7.3,461,"Bob agrees to be the temporary chef at the Fischoeders' new nightclub; the kids throw a pool party in the restaurant basement when they get a hold of a stock tank.","Tony Gennaro, Ryan Mattos","22 min","tt13154390"
197,11,4,"Heartbreak Hotel-oween","01 Nov 2020",2020,7.5,541,"The kids meet a mysterious old woman at a hotel on Halloween as Louise plots her revenge for a candy transgression; Bob and Linda donate blood at a vampire-themed blood mobile.","Tony Gennaro, Chris Song","22 min","tt13154408"
198,11,5,"Fast Time Capsules at Wagstaff School","08 Nov 2020",2020,NA,550,"Tina makes enemies with Tammy when she's put in charge of the Wagstaff School time capsule project; Bob teases Linda for not being able to whistle.","Tony Gennaro, Tom Riggin","21 min","tt13236022"
199,11,6,"Bob Belcher and the Terrible, Horrible, No Good, Very Bad Kids","15 Nov 2020",2020,NA,636,"The Belchers try to keep the restaurant open when Bob's flattop breaks on the morning of the Ocean Avenue Business Association's Ocean Fest.","Tony Gennaro, Matthew Long","21 min","tt13285628"
200,11,7,"Diarrhea of a Poopy Kid","22 Nov 2020",2020,7.4,612,"The family tries to cheer up Gene when a stomach flu makes him unable to eat Thanksgiving dinner.","Tony Gennaro, Tom Riggin","21 min","tt13369744"
201,11,8,"The Terminalator II: Terminals of Endearment","29 Nov 2020",2020,7.9,498,"When Linda's parents have a layover at a nearby airport, she and Bob decide to make it their annual ""visit"".","Tony Gennaro, Ryan Mattos","21 min","tt13404582"
202,11,9,"Mommy Boy","06 Dec 2020",2020,6.9,539,"Gene becomes jealous when Linda joins a women's business group; Louise and Tina want to learn how to fight.","Simon Chong, Tony Gennaro","N/A","tt13445148"
203,11,10,"Yachty or Nice","13 Dec 2020",2020,7.6,456,"Bob wonders if there's a catch to the Belchers being invited to cater the Glencrest Yacht Club's holiday boat parade; Louise has her eye on the Santa Schooner.","Tony Gennaro, Chris Song","N/A","tt13502578"
204,11,11,"Romancing the Beef","21 Feb 2021",2021,8,479,"Louise convinces Bob and Linda to cash in on the Valentine's Day dinner business, forcing them to put their plans on hold; Tina attends Tammy's Anti-Valentine's Day party.","Tony Gennaro, Tom Riggin","N/A","tt13670956"
205,11,12,"Die Card, or Card Trying","28 Feb 2021",2021,7.8,530,"Linda drags Bob and the kids into her efforts to take the best family picture ever.","Tony Gennaro, Matthew Long","N/A","tt13671532"
206,11,13,"An Incon-wheelie-ent Truth","07 Mar 2021",2021,NA,545,"On a trip to the flea market, Bob and Linda are haunted by a lie they told the kids about what happened to their beloved stuffed animal, Wheelie Mammoth.","Tony Gennaro, Simon Chong","22 min","tt13671536"
207,11,14,"Mr. Lonely Farts","14 Mar 2021",2021,NA,553,"Gene is left home alone when Linda and Tina go to the shoe store, while Bob, Louise and Teddy buy restaurant equipment from a creepy guy Bob found on the internet.","Tony Gennaro, Ryan Mattos","N/A","tt13671538"
208,11,15,"Sheshank Redumption","21 Mar 2021",2021,NA,465,"Linda's new diet and exercise routine gives her gastrointestinal disorder on parent-teacher-student conference day.","Tony Gennaro, Chris Song","N/A","tt14139504"
209,11,16,"Y Tu Tina Tambin","28 Mar 2021",2021,NA,529,"Tina develops an unexpected crush when she must listen to Spanish audio lessons to improve her grade; Louise and Gene hope to dunk Mr. Frond at the Wagstaff Spring Fair.","Tony Gennaro, Matthew Long","N/A","tt14140060"
210,11,17,"Fingers-Loose","11 Apr 2021",2021,7.4,616,"Tina faces a crisis as hall monitor when she finds a new passion for an underground trend at Wagstaff that Mr. Frond is out to stop; Bob and Linda try to help Teddy sneak food into a movie theater.","Tony Gennaro, Simon Chong","N/A","tt14140100"
211,11,18,"Some Kind of Fender Benderful","18 Apr 2021",2021,6.9,562,"Bob gets into a four-car fender bender outside the restaurant and finding out who's at fault proves to be harder than he thought.","Tony Gennaro, Ryan Mattos","N/A","tt14316804"
212,11,19,"Bridge Over Troubled Rudy","02 May 2021",2021,NA,367,"Louise ropes Tina and Gene into her journey to see Rudy's model bridge that explodes; Mort tries to teach Bob, Linda and Teddy how to meditate.","Tony Gennaro, Chris Song","N/A","tt14408910"
213,11,20,"Steal Magazine-olias","09 May 2021",2021,7.2,416,"The Belcher kids get into a cat-and-mouse game with Dr. Yap when he catches them stealing something in the waiting room of his office; Bob, Linda and Teddy try to clean bird poop off the restaurant window.","Tony Gennaro, Matthew Long","N/A","tt14534486"
214,11,21,"Tell Me Dumb Thing Good","16 May 2021",2021,6.9,410,"Linda recruits the kids in her fight to save a dumb local tradition; Bob is entranced by an online cucumber.","Tony Gennaro, Simon Chong","N/A","tt14408924"
215,11,22,"Vampire Disco Death Dance","23 May 2021",2021,7.6,484,"Tina invites her friends to see an old campy vampire sing-along movie with her and Bob; Linda opens a restaurant for raccoons in the alley.","Tony Gennaro, Tom Riggin","N/A","tt14408892"
216,12,1,"Manic Pixie Crap Show","26 Sep 2021",2021,7.4,602,"Louise must attend the Pixie Princess Promenade to pay Millie a debt; a bouquet shaped like a dog forces Linda to face her past.","Ryan Mattos, Tony Gennaro","N/A","tt13154522"
217,12,2,"Crystal Mess","03 Oct 2021",2021,7.4,538,"When Tina gets nervous about an oral report, Mr. Frond lends her a crystal his girlfriend claims has special powers; Bob and Linda purchase a box of imperfect produce and try to use it all before it goes bad.","Tony Gennaro, Tom Riggin","N/A","tt14630416"
218,12,3,"The Pumpkinening","10 Oct 2021",2021,7.5,535,"Linda receives a mysterious note on Halloween and must go to her old hometown with Gayle to answer for a misdeed they committed 27 years ago.","Chris Song, Tony Gennaro","N/A","tt15393594"
219,12,4,"Driving Big Dummy","17 Oct 2021",2021,7.7,634,"Bob goes on a road trip with Teddy; Linda and the kids compete to be Employee of the Day.","Matthew Long, Tony Gennaro","N/A","tt15493860"
220,12,5,"Seven-tween Again","24 Oct 2021",2021,NA,458,"Gene freaks out about growing up and tries to stay young; Linda considers trying the new hair salon next to the restaurant, but fears the wrath of her hairdresser-slash-friend Gretchen.","Simon Chong, Tony Gennaro","N/A","tt15534592"
221,12,6,"Beach, Please","07 Nov 2021",2021,7.5,624,"Louise and Mr. Fischoeder engage in a battle of wits when the Belcher kids take part in a beach clean-up for Wagstaff Volunteer Day; Teddy surprises Bob and Linda with his new look.","Ryan Mattos, Tony Gennaro","N/A","tt15705472"
222,12,7,"Loft in Bedslation","14 Nov 2021",2021,7.7,500,"Linda and Tina try to help Louise build a bed loft in one day; Bob and Gene host a tabletop role-playing game.","Matthew Long, Tony Gennaro","N/A","tt15730798"
223,12,8,"Stuck in the Kitchen with You","21 Nov 2021",2021,7.7,434,"Louise gets stuck helping Bob cook Thanksgiving dinner for a retirement home; Tina and Gene assist Zeke with entertaining the residents.","Tony Gennaro, Tom Riggin","N/A","tt15800520"
224,12,9,"FOMO You Didn't","28 Nov 2021",2021,7,516,"Tina becomes obsessed with her schoolmates ditching class during a photography assignment; the Belchers are visited by a woman who used to live in their apartment.","Simon Chong, Tony Gennaro","N/A","tt15844528"
225,12,10,"Gene's Christmas Break","19 Dec 2021",2021,NA,549,"Gene breaks an extremely rare Christmas record from the '70s, so he and his sisters search for another copy; Teddy tries to do a neighborhood Secret Santa with Bob and Linda.","Tony Gennaro, Chris Song","N/A","tt16091568"
226,12,11,"Touch of Eval(uations)","09 Jan 2022",2022,7.8,460,"Louise discovers that Mr. Frond's plan to have the students evaluate the teachers shifts the balance of power from the teachers to the children; Bob and Linda can't agree on their final resting place.","Ryan Mattos, Tony Gennaro","N/A","tt16450480"
227,12,12,"Ferry on My Wayward Bob and Linda","27 Feb 2022",2022,7.3,437,"Bob and Linda are invited to a Valentine's Day dinner at a fancy restaurant on Kingshead Island; the kids attempt to get past Jen the babysitter so they can have cheap Valentine's Day candy.","Matthew Long, Tony Gennaro","N/A","tt17058476"
228,12,13,"Frigate Me Knot","06 Mar 2022",2022,NA,465,"Teddy is forced to face his past when Linda encourages him to attend a farewell ceremony for the ship on which he served in the Navy.","Chris Song, Tony Gennaro","N/A","tt18226944"
229,12,14,"Video Killed the Gene-io Star","13 Mar 2022",2022,6.9,547,"Gene reluctantly agrees to star in a music video for Courtney; Teddy and Linda are obsessed with a mysterious customer at the restaurant.","Tony Gennaro, Tom Riggin","N/A","tt18270570"
230,12,15,"Ancient Misbehavin","20 Mar 2022",2022,NA,381,"Louise, Millie, and Rudy plot revenge on a teacher after feeling slighted during a special Ancient Greece unit; Bob gets his own room.","Tony Gennaro, Simon Chong","N/A","tt18334500"
231,12,16,"Interview with a Pop-pop-pire","27 Mar 2022",2022,6.8,452,"The Belchers tell their own versions of an infamous tree incident in the early years of Big Bob as they await his arrival so Tina can interview him for a school project during dinner.","Tony Gennaro, Ryan Mattos","N/A","tt18394900"
232,12,17,"The Spider House Rules","10 Apr 2022",2022,7.2,423,"Louise hides a house spider in her room after being told to get rid of it; Bob tries to make a friend outside of the people who come to the restaurant.","Ryan Mattos, Tom Riggin, Tony Gennaro","N/A","tt18815212"
233,12,18,"Clear and Present Ginger","24 Apr 2022",2022,NA,415,"Linda plans a big day for her friend Ginger's visit; Bob and the kids help Nat with a limo competition.","Tony Gennaro, Chris Song","N/A","tt19268050"
234,12,19,"A-Sprout a Boy","01 May 2022",2022,6.9,459,"Gene becomes obsessed with an old handheld game, so Bob offers to help him with a school project in the hope of steering him towards more interesting pursuits; Louise and Tina take over a grocery store kiddie ride.","Matthew Long, Tony Gennaro","N/A","tt19268154"
235,12,20,"Sauce Side Story","08 May 2022",2022,NA,342,"Louise, Gene and Tina must navigate an old family feud when they attempt to find a lost family recipe for a Mother's Day gift for Linda.","Tony Gennaro, Simon Chong, Tom Riggin","N/A","tt19268168"
236,12,21,"Some Like It Bot Part 1: Eighth Grade Runner","15 May 2022",2022,8.2,536,"After Tammy and Jocelyn ridicule her new shirt, Tina turns to her erotic friend-fiction and writes about a futuristic world where she's a robot.","Tony Gennaro, Simon Chong","N/A","tt19268192"
237,12,22,"Some Like It Bot Part 2: Judge-bot Day","22 May 2022",2022,7.6,437,"Tina embarks on a mission that could get her into trouble and the family tries to stop her when they read her erotic friend fiction.","Tony Gennaro, Ryan Mattos","N/A","tt19268216"
238,13,1,"To Bob, or Not to Bob","25 Sep 2022",2022,7.2,560,"The Belchers help Mr. Fischoeder put on a play in an attempt to make his brother Felix admit committing a theft; Louise is jealous of Tina's hands.","Tony Gennaro, Chris Song","N/A","tt13154524"
239,13,2,"The Reeky Lake Show","02 Oct 2022",2022,7.5,563,"The Belchers' Labor Day lake trip goes south when they end up trapped in their cabin hiding from what lurks outside.","Simon Chong, Tony Gennaro, Matthew Long","N/A","tt22037754"
240,13,3,"What About Job?","09 Oct 2022",2022,7.4,544,"Louise imagines what her future may hold when a school assignment about careers sends her spiraling.","Simon Chong, Tony Gennaro, Tom Riggin","22 min","tt22053394"
241,13,4,"Comet-y of Errors","16 Oct 2022",2022,7.4,270,"At a comet watch party, Teddy searches for signs from the universe and Bob tries to keep him from going off the deep end, while the Belcher kids try to make their comet wishes come true.","Simon Chong, Tony Gennaro, Brian LoSchiavo","N/A","tt22246546"
242,13,5,"So You Stink You Can Dance","23 Oct 2022",2022,6.9,391,"Tina cheers for Jimmy Junior at a semi-prestigious dancing seminar, while Bob and Linda have a bet to see which of them can catch the most home run balls outside Wonder Wharf Stadium.","Simon Chong, Tony Gennaro, Ryan Mattos","N/A","tt22464980"
243,13,6,"Apple Gore-chard! (But Not Gory)","30 Oct 2022",2022,7.1,408,"Louise suspects foul play on a Halloween field trip to an apple orchard, while Tina and Gene hope to win the school costume parade.","Simon Chong, Tony Gennaro, Chris Song","N/A","tt22505414"
244,13,7,"Ready Player Gene","13 Nov 2022",2022,6.8,484,"Gene spends all his money at a VR arcade that opens next door to the restaurant, while Tina and Louise try to build their tallest menu tower ever.","Simon Chong, Tony Gennaro, Matthew Long","N/A","tt22689224"
245,13,8,"Putts-giving","20 Nov 2022",2022,7.1,512,"The Belchers go to a mini-golf course on Thanksgiving.","Simon Chong, Tony Gennaro, Tom Riggin","N/A","tt23055074"
246,13,9,"Show Mama from the Grave","27 Nov 2022",2022,8.3,685,"Bob takes Linda and the kids to his mother's grave, but finding the headstone is harder than he thought; Teddy makes a fatal mistake while doing repairs on the Belcher home.","Simon Chong, Tony Gennaro, Brian LoSchiavo","N/A","tt23649562"
247,13,10,"The Plight Before Christmas","11 Dec 2022",2022,9.6,2289,"Bob and Linda try to attend all the kids' holiday performances at the same time.","Simon Chong, Tony Gennaro, Chris Song","N/A","tt23708680"
248,13,11,"Cheaty Cheaty Bang Bang","08 Jan 2023",2023,7.4,478,"Tina attempts to clear her name when a student accuses her of cheating on a test, but a snowstorm traps the Belchers in their home.","Simon Chong, Tony Gennaro, Ryan Mattos","N/A","tt24176418"
249,13,12,"Oh Row You Didn't","19 Feb 2023",2023,7.2,323,"Everything changes when a man rowing from New Zealand to Nova Scotia visits the restaurant for a burger.","Simon Chong, Tony Gennaro, Matthew Long","N/A","tt25828582"
250,13,13,"Stop! Or My Mom Will Sleuth!","26 Feb 2023",2023,7.2,357,"Louise is accused of a theft at school, so Linda uses her position as school office volunteer to solve the case.","Simon Chong, Tony Gennaro, Tom Riggin","N/A","tt26591158"
251,13,14,"These Boots Are Made for Stalking","05 Mar 2023",2023,7.5,493,"Tina decides to be like the coolest teens she's ever seen come into the restaurant; Gene and Louise get into a battle of wills over stinky socks.","Simon Chong, Tony Gennaro, Brian LoSchiavo","N/A","tt26672092"
252,13,15,"The Show (And Tell) Must Go On","12 Mar 2023",2023,NA,350,"Louise brings Tina on her mission to find the perfect item for her last Show and Tell ever; Teddy goes overboard trying to impress his date at the restaurant.","Simon Chong, Tony Gennaro, Ryan Mattos","N/A","tt26862538"
253,13,16,"What a (April) Fool Believes","19 Mar 2023",2023,8.1,412,"Bob risks his lease to successfully prank Mr. Fischoeder on April Fool's Day.","Simon Chong, Tony Gennaro, Matthew Long","N/A","tt27003615"
254,13,17,"Crows Encounters of the Bird Kind","19 Mar 2023",2023,7.4,428,"Tina brings Bob on her quest to earn her ThunderGirls bird-watching badge; Louise and Gene try to keep their new restaurant game a secret from Linda.","Simon Chong, Tony Gennaro, Chris Song","N/A","tt27003633"
255,13,18,"Gift Card or Buy Trying","16 Apr 2023",2023,7.1,356,"The Belchers go on a $20-each shopping spree when a customer leaves a $100 gift card as a tip and Gene has an awkward meeting with an old friend.","Simon Chong, Tony Gennaro, Tom Riggin","N/A","tt27263244"
256,13,19,"Crab-solutely Fabulous","23 Apr 2023",2023,6.7,384,"The Belcher kids join a crustacean-themed wrestling show; Linda tries to form a 21-day habit.","Simon Chong, Tony Gennaro, Brian LoSchiavo","N/A","tt27422384"
257,13,20,"Radio No You Didn't","30 Apr 2023",2023,7.8,438,"Bob tells Linda and the kids the story of how an old, broken radio that belonged to his grandmother Alice helped her discover that a German spy lived in her building.","Simon Chong, Tony Gennaro, Ryan Mattos","N/A","tt27425603"
258,13,21,"Mother Author Laser Pointer","14 May 2023",2023,6.8,476,"Linda very nearly kidnaps a children's book author by accident; the Belcher kids try to help Mr. Frond get his cat out of a tree in front of the school.","Simon Chong, Tony Gennaro, Chris Song","N/A","tt27440176"
259,13,22,"Amelia","21 May 2023",2023,8.9,894,"Louise takes a class assignment - and some unhelpful comments from Wayne - personally; Bob hires a masseur-in-training to massage Linda for Mother's Day.","Simon Chong, Tony Gennaro, Matthew Long","N/A","tt27440179"
260,14,1,"Fight at the Not Okay Chore-ral","01 Oct 2023",2023,6.8,647,"The Belchers end up in a showdown when Bob and Linda suggest the kids do chores.","Bernard Derriman, Simon Chong, Tony Gennaro","22 min","tt26457875"
261,14,2,"The Amazing Rudy","08 Oct 2023",2023,9,1361,"Rudy attends an important dinner; the Belchers make a casserole.","Simon Chong, Tony Gennaro, Ryan Mattos","21 min","tt29141866"
262,14,3,"The Pickleorette","22 Oct 2023",2023,7.3,467,"Bob and Linda help Gretchen throw her sister's bachelorette party; Tina forces Gene and Louise to play a board game they find on the street.","Chris Song, Simon Chong, Tony Gennaro","N/A","tt29379938"
263,14,4,"Running Down a Gene","29 Oct 2023",2023,6.9,108,"Gene tries to lucid dream so he can remember the perfect song he wrote in his sleep; Louise and Tina try to catch a cricket that's keeping Linda up at night with its chirping.","Matthew Long","N/A","tt29379944"
264,14,5,"Bully-ieve It or Not","05 Nov 2023",2023,7.3,477,"The Belcher kids uncover a secret about Zeke's past, while Bob rekindles his feud with Jimmy Pesto.","Simon Chong, Tony Gennaro, Brian LoSchiavo","N/A","tt29387714"
265,14,6,"Escape from Which Island?","12 Nov 2023",2023,NA,379,"Mr. Fischoeder enlists Bob to be his personal chef for a glamping trip on his exclusive club's secret island. Meanwhile, Linda gives the kids a crash-course on cocktail party etiquette.","Simon Chong, Tony Gennaro, Chris Song","N/A","tt29622450"
266,14,7,"The (Raccoon) King and I","19 Nov 2023",2023,6.9,190,"Linda makes a mistake during a neighborhood block party that could endanger the life of her favorite alley raccoon.","Simon Chong, Tony Gennaro, Ryan Mattos","N/A","tt29732135"
267,14,8,"Wharf, Me Worry?","26 Nov 2023",2023,7,244,"The Belcher kids spend a special day with Big Bob at the Wharf, where they get into trouble with its new fortune-telling giant clam.","Matthew Long, Simon Chong, Tony Gennaro","N/A","tt29865867"
268,14,9,"Fraud of the Dead: Zombie-Docu-Pocalypse","03 Dec 2023",2023,7.9,492,"A documentary film profiling Louise as a world-class archer is interrupted by unexpected visitors.","Simon Chong, Tony Gennaro, Brian LoSchiavo","N/A","tt30028400"
269,14,10,"The Nightmare 2 Days Before Christmas","17 Dec 2023",2023,NA,468,"The Belchers are forced to spend Christmas at Mr. Fischoeder's old hunting lodge when the power goes out two days before the holiday.","Simon Chong, Tony Gennaro, Ryan Mattos","N/A","tt29804427"
270,14,11,"Mission Impossi-Bob","07 Jan 2024",2024,7.4,386,"Teddy gets stuck in an underground survival bunker and calls on Bob to get him out.","Tony Gennaro, Chris Song","22 min","tt30129655"
271,14,12,"Jade in the Shade","10 Mar 2024",2024,7.8,261,"Linda and Louise stumble into a treasure-hunting adventure on a tour of the town's bootlegging history; Bob, Tina and Gene play host to a group of street performers looking to settle a beef.","Simon Chong, Tony Gennaro, Matthew Long","22 min","tt31450468"
272,14,13,"Butt Sweat and Fears","19 May 2024",2024,7.7,179,"Tina gets her skirt stuck in the dryer when she tries to dry off her butt sweat at Chelsea's party, where she anticipates upper butt action; Teddy tries to join the Belchers' competition of building objects from the basement trash.","Simon Chong, Tony Gennaro, Brian LoSchiavo","21 min","tt32143987"
273,14,14,"The Big Stieblitzki","08 Sep 2024",2024,NA,266,"The Belchers get invited to Rudy's father's birthday party and try to make him look better than Paul, who's trying to hit on Rudy's mother; Tina attempts to convince a woman to commit to a relationship with Rudy's father.","Simon Chong, Tony Gennaro, Ryan Mattos","N/A","tt32952069"
274,14,15,"The Right Tough Stuff","15 Sep 2024",2024,7.6,297,"When Gayle tells the Belchers about her plans to send an audition tape for Tough Stuff Island, Linda tries to make her tape boring and the kids try to make it more interesting; Bob struggles with his new electric grinder.","Chris Song, Simon Chong, Tony Gennaro","N/A","tt32952110"
275,14,16,"To Catch a Beef","22 Sep 2024",2024,7.9,211,"Sergeant Bosco goes to Bob to learn how to cook burgers for an undercover mission to oust criminal burger joint owner Vincent Balicki.","Simon Chong, Tony Gennaro, Matthew Long","N/A","tt32952214"
276,15,1,"The Tina Table: The Tables Have Tina-ed","29 Sep 2024",2024,7.7,83,"Tina interviews Mr. Frond about his revolutionary computer game in an attempt to save her school news segment; Bob and Linda make up the plots to popular horror movies they haven't seen to entertain Teddy.","Bernard Derriman","N/A","tt26457876"
277,15,2,"Saving Favorite Drive-In","06 Oct 2024",2024,8,228,"Bob comes up with a plan to save the local drive-in theater from closing; Linda accidentally insults another mom on a group text chain; Louise and Gene hide from Tina when they steal some of her favorite candy.","Brian LoSchiavo, Simon Chong, Tony Gennaro","N/A","tt33482013"
278,15,3,"Colon-ly the Dronely","20 Oct 2024",2024,NA,NA,"Linda drives Teddy to help him pick up Kathleen from her colonoscopy after he hurts himself; the Belcher kids plan to prank a drone that's set to film the school from above.","N/A","N/A","tt33621285"
279,15,4,"For Whom the Doll Toes","27 Oct 2024",2024,NA,NA,"Louise stages a murder mystery in a creepy old dollhouse for reasons she can't explain.","N/A","N/A","tt33848067"
280,15,5,"Don't Stop Be-Cheesin","03 Nov 2024",2024,7.7,348,"Louise trains Tina to be the last student standing in a cheese throwing fight against the other eighth graders; Bob and Teddy teach Linda how to eavesdrop on customers' conversations without getting caught.","Chris Song, Simon Chong, Tony Gennaro","N/A","tt34207632"
281,15,6,"Hope N' Mic Night","10 Nov 2024",2024,8.2,240,"The kids want to host an open mic night at the restaurant, but the hidden costs keep mounting and Bob worries it'll ruin them.","Simon Chong","N/A","tt34357665"
282,15,7,"Boogie Days","24 Nov 2024",2024,6.8,14,"Bob's past comes back to haunt him when Louise signs up for a father-daughter boogie board contest.","Brian LoSchiavo","N/A","tt34512189"
283,15,8,"They Slug Horses, Don't They?","08 Dec 2024",2024,NA,NA,"Tina and Louise get into an argument that escalates across several graphic ""apology"" cards.","N/A","N/A","tt34730473"
284,15,9,"Dog Christmas Day After Afternoon","15 Dec 2024",2024,NA,NA,"The Belchers' family trip to see Christmas lights becomes a rescue mission in more ways than one.","N/A","N/A","tt34791042"
285,15,10,"Advice Things Are Ad-nice","29 Dec 2024",2024,NA,NA,"Tina becomes the new advice columnist for the school newspaper; Teddy takes on more than he can handle when he volunteers to build a float for the Bounty of the Bay Parade.","N/A","N/A","tt34984702"
286,15,11,"Mr. Fischoeder's Opus","18 May 2025",2025,NA,NA,"N/A","N/A","N/A","tt36684224"
287,15,12,"Like a Candle in the Gym","29 May 2025",2025,NA,NA,"The Belchers run into Coach Blevins while on a family walk and find him selling sweat-scented candles, which Gene and Louise discover to be a cover for Blevins' scheme to sell sweat samples for DNA mining.","N/A","N/A","tt36861477"
288,15,13,"Snackface","05 Jun 2025",2025,NA,79,"Louise starts an illegal snack trade at school with Gene and Tina, but tensions rise when a rival snack business emerges; Bob and Linda face a laptop crisis, forcing them to choose between family memories and bookkeeping records.","Ryan Mattos","N/A","tt36980689"
289,15,14,"The Place Beyond the Pinecones","12 Jun 2025",2025,NA,74,"Tina embarks on a scavenger hunt for the ""golden pinecone"" during an overnight orienteering trip and gets trapped in an etiquette camp for good girls when she and her fellow Thundergirls get lost in the woods.","Brian LoSchiavo","N/A","tt36980733"
290,15,15,"The Lost City of Atlantic","19 Jun 2025",2025,NA,NA,"The Belchers have a wild night at a casino and Linda learns more about her late grandfather than she wanted to know.","N/A","N/A","tt36981015"
291,15,16,"The Shell Game","03 Jul 2025",2025,NA,125,"Bob competes in a Bachelor-style competition to inherit Mr. Fischoeder's 100-year-old giant tortoise.","Chris Song","N/A","tt37338247"
292,15,17,"Wild Steal-ions","10 Jul 2025",2025,NA,97,"Tina's lost book of semi-erotic Horse-torical Fiction lands in the hands of a mysterious stranger with nefarious intentions.","Ian Hamilton","N/A","tt37338459"
293,15,18,"Don't Worry, Be Hoopy","17 Jul 2025",2025,NA,19,"Tina must confront her fear and her past when she advances to the County Finals of a national free throw competition.","Ryan Mattos","N/A","tt37468577"
294,15,19,"The Dead Bo-ats Society","31 Jul 2025",2025,NA,NA,"The kids explore a marine scrapyard in search of adventure, but the trip takes a dangerous turn.","N/A","N/A","tt37543506"
295,15,20,"Dad-urday Kite Fever","31 Jul 2025",2025,7.5,213,"Bob is determined to fly a kite from his childhood with his kids; Teddy asks Linda for help rehearsing for a play.","N/A","N/A","tt37543509"
296,15,21,"Mr. Safebody","07 Aug 2025",2025,NA,NA,"Louise's schoolmate Arnold enlists her to direct a promotional video for his new bodyguarding business; a stolen car blasting 90's alternative rock is abandoned outside of the restaurant.","N/A","N/A","tt37592952"
297,15,22,"Insomnibob","14 Aug 2025",2025,NA,NA,"Insomnia sends Bob on a creative spree in the kitchen.","N/A","N/A","tt37599389"
298,16,1,"Grand Pre-Pre-Pre-Opening","28 Sep 2025",2025,NA,NA,"Bob and Linda are on the verge of a big decision which brings up memories of when the restaurant first opened; the kids embark on a new musical project.","N/A","N/A","tt36431668"
299,16,2,"Til Death Do Us Art","05 Oct 2025",2025,NA,81,"Linda becomes concerned when Gayle turns her love life into a performance art piece.","Brian LoSchiavo","N/A","tt36431657"
300,16,3,"The Twinnening","19 Oct 2025",2025,NA,NA,"Teddy takes a handyman job next door to the restaurant and finds himself trapped inside a store full of spooky antiques.","N/A","N/A","tt36431661"
301,16,4,"The Skids in the Hall","26 Oct 2025",2025,NA,NA,"Louise and Gene try to help Tina clear her name after she is fired as a Hall Monitor.","N/A","N/A","tt36431659"
302,16,5,"The Secret Guardin'","02 Nov 2025",2025,NA,NA,"The Belcher kids' plan to keep a secret from Linda gets jeopardized by dental surgery making Louise loopy.","N/A","N/A","tt36431666"
303,16,6,"Get Her to the Zeke","09 Nov 2025",2025,NA,NA,"Tina tries to set up Zeke on a date while the rest of the Belchers contend with a Super Rat.","N/A","N/A","tt36431670"
304,16,7,"Tube for Tina","23 Nov 2025",2025,NA,NA,"Linda has a strong reaction to Tina buying a tiny tube top; Bob, Teddy, Louise and Gene face the consequences of a rare bird flying into the window of the restaurant.","N/A","N/A","tt36431658"
305,16,8,"Les Lizrdables","07 Dec 2025",2025,NA,NA,"Gene and Courtney get into a custody battle over an injured lizard.","N/A","N/A","tt36431665"
306,16,9,"It's a Stunter-ful Life","14 Dec 2025",2025,NA,NA,"The kids get caught up in a stunt competition at a Christmas tree farm, while Bob decorates cookies for Santa and Linda tries to find every tree a home.","N/A","N/A","tt36431669"
